display_year,survey_id,region,sex,sample_size,effort,bin,count
2016/17,fixed_site,All,F,1615,1.7,70,3
2016/17,fixed_site,All,F,1615,1.7,71,3
2016/17,fixed_site,All,F,1615,1.7,72,2
2016/17,fixed_site,All,F,1615,1.7,73,6
2016/17,fixed_site,All,F,1615,1.7,74,7
2016/17,fixed_site,All,F,1615,1.7,75,7
2016/17,fixed_site,All,F,1615,1.7,76,7
2016/17,fixed_site,All,F,1615,1.7,77,11
2016/17,fixed_site,All,F,1615,1.7,78,7
2016/17,fixed_site,All,F,1615,1.7,79,10
2016/17,fixed_site,All,F,1615,1.7,80,12
2016/17,fixed_site,All,F,1615,1.7,81,11
2016/17,fixed_site,All,F,1615,1.7,82,14
2016/17,fixed_site,All,F,1615,1.7,83,19
2016/17,fixed_site,All,F,1615,1.7,84,19
2016/17,fixed_site,All,F,1615,1.7,85,21
2016/17,fixed_site,All,F,1615,1.7,86,26
2016/17,fixed_site,All,F,1615,1.7,87,28
2016/17,fixed_site,All,F,1615,1.7,88,35
2016/17,fixed_site,All,F,1615,1.7,89,43
2016/17,fixed_site,All,F,1615,1.7,90,29
2016/17,fixed_site,All,F,1615,1.7,91,35
2016/17,fixed_site,All,F,1615,1.7,92,44
2016/17,fixed_site,All,F,1615,1.7,93,44
2016/17,fixed_site,All,F,1615,1.7,94,36
2016/17,fixed_site,All,F,1615,1.7,95,34
2016/17,fixed_site,All,F,1615,1.7,96,54
2016/17,fixed_site,All,F,1615,1.7,97,46
2016/17,fixed_site,All,F,1615,1.7,98,47
2016/17,fixed_site,All,F,1615,1.7,99,46
2016/17,fixed_site,All,F,1615,1.7,100,43
2016/17,fixed_site,All,F,1615,1.7,101,59
2016/17,fixed_site,All,F,1615,1.7,102,63
2016/17,fixed_site,All,F,1615,1.7,103,65
2016/17,fixed_site,All,F,1615,1.7,104,79
2016/17,fixed_site,All,F,1615,1.7,105,46
2016/17,fixed_site,All,F,1615,1.7,106,49
2016/17,fixed_site,All,F,1615,1.7,107,56
2016/17,fixed_site,All,F,1615,1.7,108,43
2016/17,fixed_site,All,F,1615,1.7,109,48
2016/17,fixed_site,All,F,1615,1.7,110,34
2016/17,fixed_site,All,F,1615,1.7,111,29
2016/17,fixed_site,All,F,1615,1.7,112,28
2016/17,fixed_site,All,F,1615,1.7,113,15
2016/17,fixed_site,All,F,1615,1.7,114,22
2016/17,fixed_site,All,F,1615,1.7,115,16
2016/17,fixed_site,All,F,1615,1.7,116,21
2016/17,fixed_site,All,F,1615,1.7,117,28
2016/17,fixed_site,All,F,1615,1.7,118,18
2016/17,fixed_site,All,F,1615,1.7,119,12
2016/17,fixed_site,All,F,1615,1.7,120,22
2016/17,fixed_site,All,F,1615,1.7,121,11
2016/17,fixed_site,All,F,1615,1.7,122,9
2016/17,fixed_site,All,F,1615,1.7,123,13
2016/17,fixed_site,All,F,1615,1.7,124,4
2016/17,fixed_site,All,F,1615,1.7,125,8
2016/17,fixed_site,All,F,1615,1.7,126,7
2016/17,fixed_site,All,F,1615,1.7,127,11
2016/17,fixed_site,All,F,1615,1.7,128,10
2016/17,fixed_site,All,F,1615,1.7,129,9
2016/17,fixed_site,All,F,1615,1.7,130,5
2016/17,fixed_site,All,F,1615,1.7,131,5
2016/17,fixed_site,All,F,1615,1.7,132,7
2016/17,fixed_site,All,F,1615,1.7,133,5
2016/17,fixed_site,All,F,1615,1.7,134,2
2016/17,fixed_site,All,F,1615,1.7,135,0
2016/17,fixed_site,All,F,1615,1.7,136,3
2016/17,fixed_site,All,F,1615,1.7,137,1
2016/17,fixed_site,All,F,1615,1.7,138,1
2016/17,fixed_site,All,F,1615,1.7,139,1
2016/17,fixed_site,All,F,1615,1.7,140,0
2016/17,fixed_site,All,F,1615,1.7,141,0
2016/17,fixed_site,All,F,1615,1.7,142,1
2016/17,fixed_site,All,F,1615,1.7,143,
2016/17,fixed_site,All,F,1615,1.7,144,
2016/17,fixed_site,All,F,1615,1.7,145,
2016/17,fixed_site,All,F,1615,1.7,146,
2016/17,fixed_site,All,F,1615,1.7,147,
2016/17,fixed_site,All,F,1615,1.7,148,
2016/17,fixed_site,All,F,1615,1.7,149,
2016/17,fixed_site,All,F,1615,1.7,150,
2016/17,fixed_site,All,F,1615,1.7,151,
2016/17,fixed_site,All,F,1615,1.7,152,
2016/17,fixed_site,All,F,1615,1.7,153,
2016/17,fixed_site,All,F,1615,1.7,154,
2016/17,fixed_site,All,F,1615,1.7,155,
2016/17,fixed_site,All,F,1615,1.7,156,
2016/17,fixed_site,All,F,1615,1.7,157,
2016/17,fixed_site,All,F,1615,1.7,158,
2016/17,fixed_site,All,F,1615,1.7,159,
2016/17,fixed_site,All,F,1615,1.7,160,
2016/17,fixed_site,All,F,1615,1.7,161,
2016/17,fixed_site,All,F,1615,1.7,162,
2016/17,fixed_site,All,F,1615,1.7,163,
2016/17,fixed_site,All,F,1615,1.7,164,
2016/17,fixed_site,All,F,1615,1.7,165,
2016/17,fixed_site,All,F,1615,1.7,166,
2016/17,fixed_site,All,F,1615,1.7,167,
2016/17,fixed_site,All,F,1615,1.7,168,
2016/17,fixed_site,All,F,1615,1.7,169,
2016/17,fixed_site,All,F,1615,1.7,170,
2016/17,fixed_site,All,F,1615,1.7,171,
2016/17,fixed_site,All,F,1615,1.7,172,
2016/17,fixed_site,All,F,1615,1.7,173,
2016/17,fixed_site,All,F,1615,1.7,174,
2016/17,fixed_site,All,F,1615,1.7,175,
2016/17,fixed_site,All,F,1615,1.7,176,
2016/17,fixed_site,All,F,1615,1.7,177,
2016/17,fixed_site,All,F,1615,1.7,178,
2016/17,fixed_site,All,F,1615,1.7,179,
2016/17,fixed_site,All,F,1615,1.7,180,
2016/17,fixed_site,All,F,1615,1.7,181,
2016/17,fixed_site,All,F,1615,1.7,182,
2016/17,fixed_site,All,F,1615,1.7,183,
2016/17,fixed_site,All,F,1615,1.7,184,
2016/17,fixed_site,All,F,1615,1.7,185,
2016/17,fixed_site,All,F,1615,1.7,186,
2016/17,fixed_site,All,F,1615,1.7,187,
2016/17,fixed_site,All,F,1615,1.7,188,
2016/17,fixed_site,All,F,1615,1.7,189,
2016/17,fixed_site,All,F,1615,1.7,190,
2016/17,fixed_site,All,M,1571,1.7,70,4
2016/17,fixed_site,All,M,1571,1.7,71,6
2016/17,fixed_site,All,M,1571,1.7,72,6
2016/17,fixed_site,All,M,1571,1.7,73,7
2016/17,fixed_site,All,M,1571,1.7,74,8
2016/17,fixed_site,All,M,1571,1.7,75,3
2016/17,fixed_site,All,M,1571,1.7,76,9
2016/17,fixed_site,All,M,1571,1.7,77,11
2016/17,fixed_site,All,M,1571,1.7,78,13
2016/17,fixed_site,All,M,1571,1.7,79,14
2016/17,fixed_site,All,M,1571,1.7,80,12
2016/17,fixed_site,All,M,1571,1.7,81,10
2016/17,fixed_site,All,M,1571,1.7,82,23
2016/17,fixed_site,All,M,1571,1.7,83,11
2016/17,fixed_site,All,M,1571,1.7,84,25
2016/17,fixed_site,All,M,1571,1.7,85,10
2016/17,fixed_site,All,M,1571,1.7,86,16
2016/17,fixed_site,All,M,1571,1.7,87,18
2016/17,fixed_site,All,M,1571,1.7,88,23
2016/17,fixed_site,All,M,1571,1.7,89,23
2016/17,fixed_site,All,M,1571,1.7,90,27
2016/17,fixed_site,All,M,1571,1.7,91,30
2016/17,fixed_site,All,M,1571,1.7,92,36
2016/17,fixed_site,All,M,1571,1.7,93,25
2016/17,fixed_site,All,M,1571,1.7,94,29
2016/17,fixed_site,All,M,1571,1.7,95,40
2016/17,fixed_site,All,M,1571,1.7,96,37
2016/17,fixed_site,All,M,1571,1.7,97,33
2016/17,fixed_site,All,M,1571,1.7,98,38
2016/17,fixed_site,All,M,1571,1.7,99,30
2016/17,fixed_site,All,M,1571,1.7,100,40
2016/17,fixed_site,All,M,1571,1.7,101,32
2016/17,fixed_site,All,M,1571,1.7,102,25
2016/17,fixed_site,All,M,1571,1.7,103,24
2016/17,fixed_site,All,M,1571,1.7,104,33
2016/17,fixed_site,All,M,1571,1.7,105,24
2016/17,fixed_site,All,M,1571,1.7,106,28
2016/17,fixed_site,All,M,1571,1.7,107,32
2016/17,fixed_site,All,M,1571,1.7,108,37
2016/17,fixed_site,All,M,1571,1.7,109,22
2016/17,fixed_site,All,M,1571,1.7,110,26
2016/17,fixed_site,All,M,1571,1.7,111,17
2016/17,fixed_site,All,M,1571,1.7,112,24
2016/17,fixed_site,All,M,1571,1.7,113,13
2016/17,fixed_site,All,M,1571,1.7,114,28
2016/17,fixed_site,All,M,1571,1.7,115,15
2016/17,fixed_site,All,M,1571,1.7,116,18
2016/17,fixed_site,All,M,1571,1.7,117,19
2016/17,fixed_site,All,M,1571,1.7,118,17
2016/17,fixed_site,All,M,1571,1.7,119,21
2016/17,fixed_site,All,M,1571,1.7,120,22
2016/17,fixed_site,All,M,1571,1.7,121,14
2016/17,fixed_site,All,M,1571,1.7,122,25
2016/17,fixed_site,All,M,1571,1.7,123,20
2016/17,fixed_site,All,M,1571,1.7,124,22
2016/17,fixed_site,All,M,1571,1.7,125,16
2016/17,fixed_site,All,M,1571,1.7,126,11
2016/17,fixed_site,All,M,1571,1.7,127,31
2016/17,fixed_site,All,M,1571,1.7,128,23
2016/17,fixed_site,All,M,1571,1.7,129,9
2016/17,fixed_site,All,M,1571,1.7,130,16
2016/17,fixed_site,All,M,1571,1.7,131,17
2016/17,fixed_site,All,M,1571,1.7,132,12
2016/17,fixed_site,All,M,1571,1.7,133,17
2016/17,fixed_site,All,M,1571,1.7,134,8
2016/17,fixed_site,All,M,1571,1.7,135,11
2016/17,fixed_site,All,M,1571,1.7,136,9
2016/17,fixed_site,All,M,1571,1.7,137,13
2016/17,fixed_site,All,M,1571,1.7,138,13
2016/17,fixed_site,All,M,1571,1.7,139,9
2016/17,fixed_site,All,M,1571,1.7,140,9
2016/17,fixed_site,All,M,1571,1.7,141,8
2016/17,fixed_site,All,M,1571,1.7,142,12
2016/17,fixed_site,All,M,1571,1.7,143,7
2016/17,fixed_site,All,M,1571,1.7,144,12
2016/17,fixed_site,All,M,1571,1.7,145,8
2016/17,fixed_site,All,M,1571,1.7,146,6
2016/17,fixed_site,All,M,1571,1.7,147,17
2016/17,fixed_site,All,M,1571,1.7,148,8
2016/17,fixed_site,All,M,1571,1.7,149,7
2016/17,fixed_site,All,M,1571,1.7,150,8
2016/17,fixed_site,All,M,1571,1.7,151,4
2016/17,fixed_site,All,M,1571,1.7,152,6
2016/17,fixed_site,All,M,1571,1.7,153,5
2016/17,fixed_site,All,M,1571,1.7,154,6
2016/17,fixed_site,All,M,1571,1.7,155,4
2016/17,fixed_site,All,M,1571,1.7,156,4
2016/17,fixed_site,All,M,1571,1.7,157,1
2016/17,fixed_site,All,M,1571,1.7,158,5
2016/17,fixed_site,All,M,1571,1.7,159,2
2016/17,fixed_site,All,M,1571,1.7,160,6
2016/17,fixed_site,All,M,1571,1.7,161,4
2016/17,fixed_site,All,M,1571,1.7,162,3
2016/17,fixed_site,All,M,1571,1.7,163,7
2016/17,fixed_site,All,M,1571,1.7,164,3
2016/17,fixed_site,All,M,1571,1.7,165,2
2016/17,fixed_site,All,M,1571,1.7,166,4
2016/17,fixed_site,All,M,1571,1.7,167,1
2016/17,fixed_site,All,M,1571,1.7,168,4
2016/17,fixed_site,All,M,1571,1.7,169,5
2016/17,fixed_site,All,M,1571,1.7,170,1
2016/17,fixed_site,All,M,1571,1.7,171,0
2016/17,fixed_site,All,M,1571,1.7,172,2
2016/17,fixed_site,All,M,1571,1.7,173,
2016/17,fixed_site,All,M,1571,1.7,174,
2016/17,fixed_site,All,M,1571,1.7,175,
2016/17,fixed_site,All,M,1571,1.7,176,
2016/17,fixed_site,All,M,1571,1.7,177,
2016/17,fixed_site,All,M,1571,1.7,178,
2016/17,fixed_site,All,M,1571,1.7,179,
2016/17,fixed_site,All,M,1571,1.7,180,
2016/17,fixed_site,All,M,1571,1.7,181,
2016/17,fixed_site,All,M,1571,1.7,182,
2016/17,fixed_site,All,M,1571,1.7,183,
2016/17,fixed_site,All,M,1571,1.7,184,
2016/17,fixed_site,All,M,1571,1.7,185,
2016/17,fixed_site,All,M,1571,1.7,186,
2016/17,fixed_site,All,M,1571,1.7,187,
2016/17,fixed_site,All,M,1571,1.7,188,
2016/17,fixed_site,All,M,1571,1.7,189,
2016/17,fixed_site,All,M,1571,1.7,190,
2015/16,fixed_site,All,F,1956,2.49,70,11
2015/16,fixed_site,All,F,1956,2.49,71,9
2015/16,fixed_site,All,F,1956,2.49,72,7
2015/16,fixed_site,All,F,1956,2.49,73,7
2015/16,fixed_site,All,F,1956,2.49,74,8
2015/16,fixed_site,All,F,1956,2.49,75,3
2015/16,fixed_site,All,F,1956,2.49,76,9
2015/16,fixed_site,All,F,1956,2.49,77,7
2015/16,fixed_site,All,F,1956,2.49,78,17
2015/16,fixed_site,All,F,1956,2.49,79,5
2015/16,fixed_site,All,F,1956,2.49,80,13
2015/16,fixed_site,All,F,1956,2.49,81,9
2015/16,fixed_site,All,F,1956,2.49,82,9
2015/16,fixed_site,All,F,1956,2.49,83,16
2015/16,fixed_site,All,F,1956,2.49,84,14
2015/16,fixed_site,All,F,1956,2.49,85,14
2015/16,fixed_site,All,F,1956,2.49,86,19
2015/16,fixed_site,All,F,1956,2.49,87,18
2015/16,fixed_site,All,F,1956,2.49,88,23
2015/16,fixed_site,All,F,1956,2.49,89,21
2015/16,fixed_site,All,F,1956,2.49,90,26
2015/16,fixed_site,All,F,1956,2.49,91,35
2015/16,fixed_site,All,F,1956,2.49,92,26
2015/16,fixed_site,All,F,1956,2.49,93,32
2015/16,fixed_site,All,F,1956,2.49,94,32
2015/16,fixed_site,All,F,1956,2.49,95,32
2015/16,fixed_site,All,F,1956,2.49,96,55
2015/16,fixed_site,All,F,1956,2.49,97,51
2015/16,fixed_site,All,F,1956,2.49,98,58
2015/16,fixed_site,All,F,1956,2.49,99,59
2015/16,fixed_site,All,F,1956,2.49,100,75
2015/16,fixed_site,All,F,1956,2.49,101,64
2015/16,fixed_site,All,F,1956,2.49,102,91
2015/16,fixed_site,All,F,1956,2.49,103,91
2015/16,fixed_site,All,F,1956,2.49,104,111
2015/16,fixed_site,All,F,1956,2.49,105,64
2015/16,fixed_site,All,F,1956,2.49,106,72
2015/16,fixed_site,All,F,1956,2.49,107,96
2015/16,fixed_site,All,F,1956,2.49,108,60
2015/16,fixed_site,All,F,1956,2.49,109,54
2015/16,fixed_site,All,F,1956,2.49,110,51
2015/16,fixed_site,All,F,1956,2.49,111,47
2015/16,fixed_site,All,F,1956,2.49,112,64
2015/16,fixed_site,All,F,1956,2.49,113,25
2015/16,fixed_site,All,F,1956,2.49,114,46
2015/16,fixed_site,All,F,1956,2.49,115,41
2015/16,fixed_site,All,F,1956,2.49,116,23
2015/16,fixed_site,All,F,1956,2.49,117,27
2015/16,fixed_site,All,F,1956,2.49,118,17
2015/16,fixed_site,All,F,1956,2.49,119,20
2015/16,fixed_site,All,F,1956,2.49,120,19
2015/16,fixed_site,All,F,1956,2.49,121,21
2015/16,fixed_site,All,F,1956,2.49,122,20
2015/16,fixed_site,All,F,1956,2.49,123,14
2015/16,fixed_site,All,F,1956,2.49,124,11
2015/16,fixed_site,All,F,1956,2.49,125,12
2015/16,fixed_site,All,F,1956,2.49,126,16
2015/16,fixed_site,All,F,1956,2.49,127,16
2015/16,fixed_site,All,F,1956,2.49,128,7
2015/16,fixed_site,All,F,1956,2.49,129,6
2015/16,fixed_site,All,F,1956,2.49,130,7
2015/16,fixed_site,All,F,1956,2.49,131,7
2015/16,fixed_site,All,F,1956,2.49,132,3
2015/16,fixed_site,All,F,1956,2.49,133,3
2015/16,fixed_site,All,F,1956,2.49,134,1
2015/16,fixed_site,All,F,1956,2.49,135,1
2015/16,fixed_site,All,F,1956,2.49,136,4
2015/16,fixed_site,All,F,1956,2.49,137,1
2015/16,fixed_site,All,F,1956,2.49,138,2
2015/16,fixed_site,All,F,1956,2.49,139,1
2015/16,fixed_site,All,F,1956,2.49,140,1
2015/16,fixed_site,All,F,1956,2.49,141,2
2015/16,fixed_site,All,F,1956,2.49,142,1
2015/16,fixed_site,All,F,1956,2.49,143,2
2015/16,fixed_site,All,F,1956,2.49,144,
2015/16,fixed_site,All,F,1956,2.49,145,
2015/16,fixed_site,All,F,1956,2.49,146,2
2015/16,fixed_site,All,F,1956,2.49,147,
2015/16,fixed_site,All,F,1956,2.49,148,
2015/16,fixed_site,All,F,1956,2.49,149,
2015/16,fixed_site,All,F,1956,2.49,150,1
2015/16,fixed_site,All,F,1956,2.49,151,
2015/16,fixed_site,All,F,1956,2.49,152,
2015/16,fixed_site,All,F,1956,2.49,153,
2015/16,fixed_site,All,F,1956,2.49,154,
2015/16,fixed_site,All,F,1956,2.49,155,1
2015/16,fixed_site,All,F,1956,2.49,156,
2015/16,fixed_site,All,F,1956,2.49,157,
2015/16,fixed_site,All,F,1956,2.49,158,
2015/16,fixed_site,All,F,1956,2.49,159,
2015/16,fixed_site,All,F,1956,2.49,160,
2015/16,fixed_site,All,F,1956,2.49,161,1
2015/16,fixed_site,All,F,1956,2.49,162,
2015/16,fixed_site,All,F,1956,2.49,163,
2015/16,fixed_site,All,F,1956,2.49,164,
2015/16,fixed_site,All,F,1956,2.49,165,
2015/16,fixed_site,All,F,1956,2.49,166,
2015/16,fixed_site,All,F,1956,2.49,167,
2015/16,fixed_site,All,F,1956,2.49,168,
2015/16,fixed_site,All,F,1956,2.49,169,
2015/16,fixed_site,All,F,1956,2.49,170,
2015/16,fixed_site,All,F,1956,2.49,171,
2015/16,fixed_site,All,F,1956,2.49,172,
2015/16,fixed_site,All,F,1956,2.49,173,
2015/16,fixed_site,All,F,1956,2.49,174,
2015/16,fixed_site,All,F,1956,2.49,175,
2015/16,fixed_site,All,F,1956,2.49,176,
2015/16,fixed_site,All,F,1956,2.49,177,
2015/16,fixed_site,All,F,1956,2.49,178,
2015/16,fixed_site,All,F,1956,2.49,179,
2015/16,fixed_site,All,F,1956,2.49,180,
2015/16,fixed_site,All,F,1956,2.49,181,
2015/16,fixed_site,All,F,1956,2.49,182,
2015/16,fixed_site,All,F,1956,2.49,183,
2015/16,fixed_site,All,F,1956,2.49,184,
2015/16,fixed_site,All,F,1956,2.49,185,
2015/16,fixed_site,All,F,1956,2.49,186,
2015/16,fixed_site,All,F,1956,2.49,187,
2015/16,fixed_site,All,F,1956,2.49,188,
2015/16,fixed_site,All,F,1956,2.49,189,
2015/16,fixed_site,All,F,1956,2.49,190,
2015/16,fixed_site,All,M,1810,2.49,70,5
2015/16,fixed_site,All,M,1810,2.49,71,5
2015/16,fixed_site,All,M,1810,2.49,72,8
2015/16,fixed_site,All,M,1810,2.49,73,9
2015/16,fixed_site,All,M,1810,2.49,74,4
2015/16,fixed_site,All,M,1810,2.49,75,7
2015/16,fixed_site,All,M,1810,2.49,76,6
2015/16,fixed_site,All,M,1810,2.49,77,12
2015/16,fixed_site,All,M,1810,2.49,78,8
2015/16,fixed_site,All,M,1810,2.49,79,10
2015/16,fixed_site,All,M,1810,2.49,80,6
2015/16,fixed_site,All,M,1810,2.49,81,11
2015/16,fixed_site,All,M,1810,2.49,82,11
2015/16,fixed_site,All,M,1810,2.49,83,3
2015/16,fixed_site,All,M,1810,2.49,84,12
2015/16,fixed_site,All,M,1810,2.49,85,7
2015/16,fixed_site,All,M,1810,2.49,86,14
2015/16,fixed_site,All,M,1810,2.49,87,11
2015/16,fixed_site,All,M,1810,2.49,88,21
2015/16,fixed_site,All,M,1810,2.49,89,22
2015/16,fixed_site,All,M,1810,2.49,90,19
2015/16,fixed_site,All,M,1810,2.49,91,13
2015/16,fixed_site,All,M,1810,2.49,92,24
2015/16,fixed_site,All,M,1810,2.49,93,17
2015/16,fixed_site,All,M,1810,2.49,94,19
2015/16,fixed_site,All,M,1810,2.49,95,24
2015/16,fixed_site,All,M,1810,2.49,96,27
2015/16,fixed_site,All,M,1810,2.49,97,26
2015/16,fixed_site,All,M,1810,2.49,98,25
2015/16,fixed_site,All,M,1810,2.49,99,25
2015/16,fixed_site,All,M,1810,2.49,100,43
2015/16,fixed_site,All,M,1810,2.49,101,39
2015/16,fixed_site,All,M,1810,2.49,102,47
2015/16,fixed_site,All,M,1810,2.49,103,38
2015/16,fixed_site,All,M,1810,2.49,104,46
2015/16,fixed_site,All,M,1810,2.49,105,41
2015/16,fixed_site,All,M,1810,2.49,106,40
2015/16,fixed_site,All,M,1810,2.49,107,52
2015/16,fixed_site,All,M,1810,2.49,108,48
2015/16,fixed_site,All,M,1810,2.49,109,55
2015/16,fixed_site,All,M,1810,2.49,110,36
2015/16,fixed_site,All,M,1810,2.49,111,39
2015/16,fixed_site,All,M,1810,2.49,112,33
2015/16,fixed_site,All,M,1810,2.49,113,42
2015/16,fixed_site,All,M,1810,2.49,114,27
2015/16,fixed_site,All,M,1810,2.49,115,35
2015/16,fixed_site,All,M,1810,2.49,116,34
2015/16,fixed_site,All,M,1810,2.49,117,26
2015/16,fixed_site,All,M,1810,2.49,118,36
2015/16,fixed_site,All,M,1810,2.49,119,16
2015/16,fixed_site,All,M,1810,2.49,120,18
2015/16,fixed_site,All,M,1810,2.49,121,32
2015/16,fixed_site,All,M,1810,2.49,122,27
2015/16,fixed_site,All,M,1810,2.49,123,19
2015/16,fixed_site,All,M,1810,2.49,124,16
2015/16,fixed_site,All,M,1810,2.49,125,19
2015/16,fixed_site,All,M,1810,2.49,126,24
2015/16,fixed_site,All,M,1810,2.49,127,25
2015/16,fixed_site,All,M,1810,2.49,128,18
2015/16,fixed_site,All,M,1810,2.49,129,16
2015/16,fixed_site,All,M,1810,2.49,130,21
2015/16,fixed_site,All,M,1810,2.49,131,18
2015/16,fixed_site,All,M,1810,2.49,132,16
2015/16,fixed_site,All,M,1810,2.49,133,23
2015/16,fixed_site,All,M,1810,2.49,134,15
2015/16,fixed_site,All,M,1810,2.49,135,9
2015/16,fixed_site,All,M,1810,2.49,136,24
2015/16,fixed_site,All,M,1810,2.49,137,15
2015/16,fixed_site,All,M,1810,2.49,138,13
2015/16,fixed_site,All,M,1810,2.49,139,11
2015/16,fixed_site,All,M,1810,2.49,140,15
2015/16,fixed_site,All,M,1810,2.49,141,10
2015/16,fixed_site,All,M,1810,2.49,142,11
2015/16,fixed_site,All,M,1810,2.49,143,5
2015/16,fixed_site,All,M,1810,2.49,144,9
2015/16,fixed_site,All,M,1810,2.49,145,4
2015/16,fixed_site,All,M,1810,2.49,146,10
2015/16,fixed_site,All,M,1810,2.49,147,11
2015/16,fixed_site,All,M,1810,2.49,148,12
2015/16,fixed_site,All,M,1810,2.49,149,18
2015/16,fixed_site,All,M,1810,2.49,150,8
2015/16,fixed_site,All,M,1810,2.49,151,11
2015/16,fixed_site,All,M,1810,2.49,152,10
2015/16,fixed_site,All,M,1810,2.49,153,9
2015/16,fixed_site,All,M,1810,2.49,154,8
2015/16,fixed_site,All,M,1810,2.49,155,9
2015/16,fixed_site,All,M,1810,2.49,156,7
2015/16,fixed_site,All,M,1810,2.49,157,7
2015/16,fixed_site,All,M,1810,2.49,158,2
2015/16,fixed_site,All,M,1810,2.49,159,3
2015/16,fixed_site,All,M,1810,2.49,160,4
2015/16,fixed_site,All,M,1810,2.49,161,6
2015/16,fixed_site,All,M,1810,2.49,162,7
2015/16,fixed_site,All,M,1810,2.49,163,10
2015/16,fixed_site,All,M,1810,2.49,164,5
2015/16,fixed_site,All,M,1810,2.49,165,1
2015/16,fixed_site,All,M,1810,2.49,166,4
2015/16,fixed_site,All,M,1810,2.49,167,
2015/16,fixed_site,All,M,1810,2.49,168,
2015/16,fixed_site,All,M,1810,2.49,169,3
2015/16,fixed_site,All,M,1810,2.49,170,2
2015/16,fixed_site,All,M,1810,2.49,171,1
2015/16,fixed_site,All,M,1810,2.49,172,4
2015/16,fixed_site,All,M,1810,2.49,173,2
2015/16,fixed_site,All,M,1810,2.49,174,3
2015/16,fixed_site,All,M,1810,2.49,175,1
2015/16,fixed_site,All,M,1810,2.49,176,1
2015/16,fixed_site,All,M,1810,2.49,177,
2015/16,fixed_site,All,M,1810,2.49,178,2
2015/16,fixed_site,All,M,1810,2.49,179,
2015/16,fixed_site,All,M,1810,2.49,180,1
2015/16,fixed_site,All,M,1810,2.49,181,4
2015/16,fixed_site,All,M,1810,2.49,182,1
2015/16,fixed_site,All,M,1810,2.49,183,
2015/16,fixed_site,All,M,1810,2.49,184,1
2015/16,fixed_site,All,M,1810,2.49,185,
2015/16,fixed_site,All,M,1810,2.49,186,2
2015/16,fixed_site,All,M,1810,2.49,187,3
2015/16,fixed_site,All,M,1810,2.49,188,
2015/16,fixed_site,All,M,1810,2.49,189,
2015/16,fixed_site,All,M,1810,2.49,190,
2014/15,fixed_site,All,F,1755,2.187,70,
2014/15,fixed_site,All,F,1755,2.187,71,
2014/15,fixed_site,All,F,1755,2.187,72,
2014/15,fixed_site,All,F,1755,2.187,73,
2014/15,fixed_site,All,F,1755,2.187,74,3
2014/15,fixed_site,All,F,1755,2.187,75,
2014/15,fixed_site,All,F,1755,2.187,76,2
2014/15,fixed_site,All,F,1755,2.187,77,3
2014/15,fixed_site,All,F,1755,2.187,78,5
2014/15,fixed_site,All,F,1755,2.187,79,2
2014/15,fixed_site,All,F,1755,2.187,80,4
2014/15,fixed_site,All,F,1755,2.187,81,5
2014/15,fixed_site,All,F,1755,2.187,82,8
2014/15,fixed_site,All,F,1755,2.187,83,13
2014/15,fixed_site,All,F,1755,2.187,84,9
2014/15,fixed_site,All,F,1755,2.187,85,10
2014/15,fixed_site,All,F,1755,2.187,86,11
2014/15,fixed_site,All,F,1755,2.187,87,13
2014/15,fixed_site,All,F,1755,2.187,88,20
2014/15,fixed_site,All,F,1755,2.187,89,12
2014/15,fixed_site,All,F,1755,2.187,90,20
2014/15,fixed_site,All,F,1755,2.187,91,27
2014/15,fixed_site,All,F,1755,2.187,92,44
2014/15,fixed_site,All,F,1755,2.187,93,37
2014/15,fixed_site,All,F,1755,2.187,94,40
2014/15,fixed_site,All,F,1755,2.187,95,42
2014/15,fixed_site,All,F,1755,2.187,96,43
2014/15,fixed_site,All,F,1755,2.187,97,59
2014/15,fixed_site,All,F,1755,2.187,98,75
2014/15,fixed_site,All,F,1755,2.187,99,53
2014/15,fixed_site,All,F,1755,2.187,100,77
2014/15,fixed_site,All,F,1755,2.187,101,73
2014/15,fixed_site,All,F,1755,2.187,102,101
2014/15,fixed_site,All,F,1755,2.187,103,109
2014/15,fixed_site,All,F,1755,2.187,104,110
2014/15,fixed_site,All,F,1755,2.187,105,55
2014/15,fixed_site,All,F,1755,2.187,106,68
2014/15,fixed_site,All,F,1755,2.187,107,76
2014/15,fixed_site,All,F,1755,2.187,108,76
2014/15,fixed_site,All,F,1755,2.187,109,45
2014/15,fixed_site,All,F,1755,2.187,110,56
2014/15,fixed_site,All,F,1755,2.187,111,47
2014/15,fixed_site,All,F,1755,2.187,112,51
2014/15,fixed_site,All,F,1755,2.187,113,38
2014/15,fixed_site,All,F,1755,2.187,114,32
2014/15,fixed_site,All,F,1755,2.187,115,25
2014/15,fixed_site,All,F,1755,2.187,116,21
2014/15,fixed_site,All,F,1755,2.187,117,22
2014/15,fixed_site,All,F,1755,2.187,118,19
2014/15,fixed_site,All,F,1755,2.187,119,11
2014/15,fixed_site,All,F,1755,2.187,120,18
2014/15,fixed_site,All,F,1755,2.187,121,9
2014/15,fixed_site,All,F,1755,2.187,122,18
2014/15,fixed_site,All,F,1755,2.187,123,6
2014/15,fixed_site,All,F,1755,2.187,124,9
2014/15,fixed_site,All,F,1755,2.187,125,5
2014/15,fixed_site,All,F,1755,2.187,126,6
2014/15,fixed_site,All,F,1755,2.187,127,2
2014/15,fixed_site,All,F,1755,2.187,128,1
2014/15,fixed_site,All,F,1755,2.187,129,1
2014/15,fixed_site,All,F,1755,2.187,130,1
2014/15,fixed_site,All,F,1755,2.187,131,
2014/15,fixed_site,All,F,1755,2.187,132,1
2014/15,fixed_site,All,F,1755,2.187,133,1
2014/15,fixed_site,All,F,1755,2.187,134,1
2014/15,fixed_site,All,F,1755,2.187,135,1
2014/15,fixed_site,All,F,1755,2.187,136,1
2014/15,fixed_site,All,F,1755,2.187,137,1
2014/15,fixed_site,All,F,1755,2.187,138,
2014/15,fixed_site,All,F,1755,2.187,139,
2014/15,fixed_site,All,F,1755,2.187,140,1
2014/15,fixed_site,All,F,1755,2.187,141,
2014/15,fixed_site,All,F,1755,2.187,142,
2014/15,fixed_site,All,F,1755,2.187,143,
2014/15,fixed_site,All,F,1755,2.187,144,
2014/15,fixed_site,All,F,1755,2.187,145,
2014/15,fixed_site,All,F,1755,2.187,146,
2014/15,fixed_site,All,F,1755,2.187,147,
2014/15,fixed_site,All,F,1755,2.187,148,
2014/15,fixed_site,All,F,1755,2.187,149,
2014/15,fixed_site,All,F,1755,2.187,150,
2014/15,fixed_site,All,F,1755,2.187,151,
2014/15,fixed_site,All,F,1755,2.187,152,
2014/15,fixed_site,All,F,1755,2.187,153,
2014/15,fixed_site,All,F,1755,2.187,154,
2014/15,fixed_site,All,F,1755,2.187,155,
2014/15,fixed_site,All,F,1755,2.187,156,
2014/15,fixed_site,All,F,1755,2.187,157,
2014/15,fixed_site,All,F,1755,2.187,158,
2014/15,fixed_site,All,F,1755,2.187,159,
2014/15,fixed_site,All,F,1755,2.187,160,
2014/15,fixed_site,All,F,1755,2.187,161,
2014/15,fixed_site,All,F,1755,2.187,162,
2014/15,fixed_site,All,F,1755,2.187,163,
2014/15,fixed_site,All,F,1755,2.187,164,
2014/15,fixed_site,All,F,1755,2.187,165,
2014/15,fixed_site,All,F,1755,2.187,166,
2014/15,fixed_site,All,F,1755,2.187,167,
2014/15,fixed_site,All,F,1755,2.187,168,
2014/15,fixed_site,All,F,1755,2.187,169,
2014/15,fixed_site,All,F,1755,2.187,170,
2014/15,fixed_site,All,F,1755,2.187,171,
2014/15,fixed_site,All,F,1755,2.187,172,
2014/15,fixed_site,All,F,1755,2.187,173,
2014/15,fixed_site,All,F,1755,2.187,174,
2014/15,fixed_site,All,F,1755,2.187,175,
2014/15,fixed_site,All,F,1755,2.187,176,
2014/15,fixed_site,All,F,1755,2.187,177,
2014/15,fixed_site,All,F,1755,2.187,178,
2014/15,fixed_site,All,F,1755,2.187,179,
2014/15,fixed_site,All,F,1755,2.187,180,
2014/15,fixed_site,All,F,1755,2.187,181,
2014/15,fixed_site,All,F,1755,2.187,182,
2014/15,fixed_site,All,F,1755,2.187,183,
2014/15,fixed_site,All,F,1755,2.187,184,
2014/15,fixed_site,All,F,1755,2.187,185,
2014/15,fixed_site,All,F,1755,2.187,186,
2014/15,fixed_site,All,F,1755,2.187,187,
2014/15,fixed_site,All,F,1755,2.187,188,
2014/15,fixed_site,All,F,1755,2.187,189,
2014/15,fixed_site,All,F,1755,2.187,190,
2014/15,fixed_site,All,M,1755,2.187,70,
2014/15,fixed_site,All,M,1755,2.187,71,2
2014/15,fixed_site,All,M,1755,2.187,72,
2014/15,fixed_site,All,M,1755,2.187,73,1
2014/15,fixed_site,All,M,1755,2.187,74,1
2014/15,fixed_site,All,M,1755,2.187,75,1
2014/15,fixed_site,All,M,1755,2.187,76,1
2014/15,fixed_site,All,M,1755,2.187,77,2
2014/15,fixed_site,All,M,1755,2.187,78,3
2014/15,fixed_site,All,M,1755,2.187,79,3
2014/15,fixed_site,All,M,1755,2.187,80,4
2014/15,fixed_site,All,M,1755,2.187,81,
2014/15,fixed_site,All,M,1755,2.187,82,4
2014/15,fixed_site,All,M,1755,2.187,83,8
2014/15,fixed_site,All,M,1755,2.187,84,1
2014/15,fixed_site,All,M,1755,2.187,85,4
2014/15,fixed_site,All,M,1755,2.187,86,5
2014/15,fixed_site,All,M,1755,2.187,87,8
2014/15,fixed_site,All,M,1755,2.187,88,18
2014/15,fixed_site,All,M,1755,2.187,89,16
2014/15,fixed_site,All,M,1755,2.187,90,23
2014/15,fixed_site,All,M,1755,2.187,91,20
2014/15,fixed_site,All,M,1755,2.187,92,26
2014/15,fixed_site,All,M,1755,2.187,93,19
2014/15,fixed_site,All,M,1755,2.187,94,19
2014/15,fixed_site,All,M,1755,2.187,95,30
2014/15,fixed_site,All,M,1755,2.187,96,23
2014/15,fixed_site,All,M,1755,2.187,97,44
2014/15,fixed_site,All,M,1755,2.187,98,51
2014/15,fixed_site,All,M,1755,2.187,99,33
2014/15,fixed_site,All,M,1755,2.187,100,37
2014/15,fixed_site,All,M,1755,2.187,101,33
2014/15,fixed_site,All,M,1755,2.187,102,44
2014/15,fixed_site,All,M,1755,2.187,103,47
2014/15,fixed_site,All,M,1755,2.187,104,48
2014/15,fixed_site,All,M,1755,2.187,105,43
2014/15,fixed_site,All,M,1755,2.187,106,34
2014/15,fixed_site,All,M,1755,2.187,107,49
2014/15,fixed_site,All,M,1755,2.187,108,56
2014/15,fixed_site,All,M,1755,2.187,109,42
2014/15,fixed_site,All,M,1755,2.187,110,28
2014/15,fixed_site,All,M,1755,2.187,111,32
2014/15,fixed_site,All,M,1755,2.187,112,49
2014/15,fixed_site,All,M,1755,2.187,113,27
2014/15,fixed_site,All,M,1755,2.187,114,38
2014/15,fixed_site,All,M,1755,2.187,115,22
2014/15,fixed_site,All,M,1755,2.187,116,30
2014/15,fixed_site,All,M,1755,2.187,117,29
2014/15,fixed_site,All,M,1755,2.187,118,26
2014/15,fixed_site,All,M,1755,2.187,119,19
2014/15,fixed_site,All,M,1755,2.187,120,18
2014/15,fixed_site,All,M,1755,2.187,121,16
2014/15,fixed_site,All,M,1755,2.187,122,24
2014/15,fixed_site,All,M,1755,2.187,123,14
2014/15,fixed_site,All,M,1755,2.187,124,25
2014/15,fixed_site,All,M,1755,2.187,125,11
2014/15,fixed_site,All,M,1755,2.187,126,27
2014/15,fixed_site,All,M,1755,2.187,127,22
2014/15,fixed_site,All,M,1755,2.187,128,19
2014/15,fixed_site,All,M,1755,2.187,129,14
2014/15,fixed_site,All,M,1755,2.187,130,17
2014/15,fixed_site,All,M,1755,2.187,131,19
2014/15,fixed_site,All,M,1755,2.187,132,19
2014/15,fixed_site,All,M,1755,2.187,133,9
2014/15,fixed_site,All,M,1755,2.187,134,18
2014/15,fixed_site,All,M,1755,2.187,135,10
2014/15,fixed_site,All,M,1755,2.187,136,5
2014/15,fixed_site,All,M,1755,2.187,137,14
2014/15,fixed_site,All,M,1755,2.187,138,10
2014/15,fixed_site,All,M,1755,2.187,139,8
2014/15,fixed_site,All,M,1755,2.187,140,6
2014/15,fixed_site,All,M,1755,2.187,141,8
2014/15,fixed_site,All,M,1755,2.187,142,10
2014/15,fixed_site,All,M,1755,2.187,143,6
2014/15,fixed_site,All,M,1755,2.187,144,7
2014/15,fixed_site,All,M,1755,2.187,145,4
2014/15,fixed_site,All,M,1755,2.187,146,10
2014/15,fixed_site,All,M,1755,2.187,147,7
2014/15,fixed_site,All,M,1755,2.187,148,10
2014/15,fixed_site,All,M,1755,2.187,149,4
2014/15,fixed_site,All,M,1755,2.187,150,4
2014/15,fixed_site,All,M,1755,2.187,151,6
2014/15,fixed_site,All,M,1755,2.187,152,8
2014/15,fixed_site,All,M,1755,2.187,153,3
2014/15,fixed_site,All,M,1755,2.187,154,7
2014/15,fixed_site,All,M,1755,2.187,155,1
2014/15,fixed_site,All,M,1755,2.187,156,3
2014/15,fixed_site,All,M,1755,2.187,157,1
2014/15,fixed_site,All,M,1755,2.187,158,7
2014/15,fixed_site,All,M,1755,2.187,159,
2014/15,fixed_site,All,M,1755,2.187,160,2
2014/15,fixed_site,All,M,1755,2.187,161,2
2014/15,fixed_site,All,M,1755,2.187,162,2
2014/15,fixed_site,All,M,1755,2.187,163,2
2014/15,fixed_site,All,M,1755,2.187,164,1
2014/15,fixed_site,All,M,1755,2.187,165,
2014/15,fixed_site,All,M,1755,2.187,166,
2014/15,fixed_site,All,M,1755,2.187,167,7
2014/15,fixed_site,All,M,1755,2.187,168,2
2014/15,fixed_site,All,M,1755,2.187,169,1
2014/15,fixed_site,All,M,1755,2.187,170,1
2014/15,fixed_site,All,M,1755,2.187,171,2
2014/15,fixed_site,All,M,1755,2.187,172,1
2014/15,fixed_site,All,M,1755,2.187,173,
2014/15,fixed_site,All,M,1755,2.187,174,2
2014/15,fixed_site,All,M,1755,2.187,175,
2014/15,fixed_site,All,M,1755,2.187,176,
2014/15,fixed_site,All,M,1755,2.187,177,1
2014/15,fixed_site,All,M,1755,2.187,178,
2014/15,fixed_site,All,M,1755,2.187,179,
2014/15,fixed_site,All,M,1755,2.187,180,
2014/15,fixed_site,All,M,1755,2.187,181,
2014/15,fixed_site,All,M,1755,2.187,182,1
2014/15,fixed_site,All,M,1755,2.187,183,
2014/15,fixed_site,All,M,1755,2.187,184,1
2014/15,fixed_site,All,M,1755,2.187,185,
2014/15,fixed_site,All,M,1755,2.187,186,
2014/15,fixed_site,All,M,1755,2.187,187,
2014/15,fixed_site,All,M,1755,2.187,188,
2014/15,fixed_site,All,M,1755,2.187,189,
2014/15,fixed_site,All,M,1755,2.187,190,1
2013/14,fixed_site,All,F,2717,2.393,70,4
2013/14,fixed_site,All,F,2717,2.393,71,2
2013/14,fixed_site,All,F,2717,2.393,72,2
2013/14,fixed_site,All,F,2717,2.393,73,2
2013/14,fixed_site,All,F,2717,2.393,74,2
2013/14,fixed_site,All,F,2717,2.393,75,2
2013/14,fixed_site,All,F,2717,2.393,76,5
2013/14,fixed_site,All,F,2717,2.393,77,12
2013/14,fixed_site,All,F,2717,2.393,78,3
2013/14,fixed_site,All,F,2717,2.393,79,7
2013/14,fixed_site,All,F,2717,2.393,80,5
2013/14,fixed_site,All,F,2717,2.393,81,5
2013/14,fixed_site,All,F,2717,2.393,82,13
2013/14,fixed_site,All,F,2717,2.393,83,11
2013/14,fixed_site,All,F,2717,2.393,84,17
2013/14,fixed_site,All,F,2717,2.393,85,22
2013/14,fixed_site,All,F,2717,2.393,86,17
2013/14,fixed_site,All,F,2717,2.393,87,18
2013/14,fixed_site,All,F,2717,2.393,88,44
2013/14,fixed_site,All,F,2717,2.393,89,30
2013/14,fixed_site,All,F,2717,2.393,90,32
2013/14,fixed_site,All,F,2717,2.393,91,34
2013/14,fixed_site,All,F,2717,2.393,92,54
2013/14,fixed_site,All,F,2717,2.393,93,58
2013/14,fixed_site,All,F,2717,2.393,94,49
2013/14,fixed_site,All,F,2717,2.393,95,53
2013/14,fixed_site,All,F,2717,2.393,96,79
2013/14,fixed_site,All,F,2717,2.393,97,104
2013/14,fixed_site,All,F,2717,2.393,98,114
2013/14,fixed_site,All,F,2717,2.393,99,98
2013/14,fixed_site,All,F,2717,2.393,100,119
2013/14,fixed_site,All,F,2717,2.393,101,111
2013/14,fixed_site,All,F,2717,2.393,102,136
2013/14,fixed_site,All,F,2717,2.393,103,150
2013/14,fixed_site,All,F,2717,2.393,104,227
2013/14,fixed_site,All,F,2717,2.393,105,70
2013/14,fixed_site,All,F,2717,2.393,106,128
2013/14,fixed_site,All,F,2717,2.393,107,127
2013/14,fixed_site,All,F,2717,2.393,108,106
2013/14,fixed_site,All,F,2717,2.393,109,81
2013/14,fixed_site,All,F,2717,2.393,110,100
2013/14,fixed_site,All,F,2717,2.393,111,55
2013/14,fixed_site,All,F,2717,2.393,112,77
2013/14,fixed_site,All,F,2717,2.393,113,53
2013/14,fixed_site,All,F,2717,2.393,114,37
2013/14,fixed_site,All,F,2717,2.393,115,44
2013/14,fixed_site,All,F,2717,2.393,116,29
2013/14,fixed_site,All,F,2717,2.393,117,44
2013/14,fixed_site,All,F,2717,2.393,118,24
2013/14,fixed_site,All,F,2717,2.393,119,10
2013/14,fixed_site,All,F,2717,2.393,120,20
2013/14,fixed_site,All,F,2717,2.393,121,20
2013/14,fixed_site,All,F,2717,2.393,122,9
2013/14,fixed_site,All,F,2717,2.393,123,8
2013/14,fixed_site,All,F,2717,2.393,124,9
2013/14,fixed_site,All,F,2717,2.393,125,5
2013/14,fixed_site,All,F,2717,2.393,126,3
2013/14,fixed_site,All,F,2717,2.393,127,10
2013/14,fixed_site,All,F,2717,2.393,128,1
2013/14,fixed_site,All,F,2717,2.393,129,1
2013/14,fixed_site,All,F,2717,2.393,130,1
2013/14,fixed_site,All,F,2717,2.393,131,
2013/14,fixed_site,All,F,2717,2.393,132,2
2013/14,fixed_site,All,F,2717,2.393,133,
2013/14,fixed_site,All,F,2717,2.393,134,
2013/14,fixed_site,All,F,2717,2.393,135,
2013/14,fixed_site,All,F,2717,2.393,136,
2013/14,fixed_site,All,F,2717,2.393,137,1
2013/14,fixed_site,All,F,2717,2.393,138,
2013/14,fixed_site,All,F,2717,2.393,139,
2013/14,fixed_site,All,F,2717,2.393,140,1
2013/14,fixed_site,All,F,2717,2.393,141,
2013/14,fixed_site,All,F,2717,2.393,142,
2013/14,fixed_site,All,F,2717,2.393,143,
2013/14,fixed_site,All,F,2717,2.393,144,
2013/14,fixed_site,All,F,2717,2.393,145,
2013/14,fixed_site,All,F,2717,2.393,146,
2013/14,fixed_site,All,F,2717,2.393,147,
2013/14,fixed_site,All,F,2717,2.393,148,
2013/14,fixed_site,All,F,2717,2.393,149,
2013/14,fixed_site,All,F,2717,2.393,150,
2013/14,fixed_site,All,F,2717,2.393,151,
2013/14,fixed_site,All,F,2717,2.393,152,
2013/14,fixed_site,All,F,2717,2.393,153,
2013/14,fixed_site,All,F,2717,2.393,154,
2013/14,fixed_site,All,F,2717,2.393,155,
2013/14,fixed_site,All,F,2717,2.393,156,
2013/14,fixed_site,All,F,2717,2.393,157,
2013/14,fixed_site,All,F,2717,2.393,158,
2013/14,fixed_site,All,F,2717,2.393,159,
2013/14,fixed_site,All,F,2717,2.393,160,
2013/14,fixed_site,All,F,2717,2.393,161,
2013/14,fixed_site,All,F,2717,2.393,162,
2013/14,fixed_site,All,F,2717,2.393,163,
2013/14,fixed_site,All,F,2717,2.393,164,
2013/14,fixed_site,All,F,2717,2.393,165,
2013/14,fixed_site,All,F,2717,2.393,166,
2013/14,fixed_site,All,F,2717,2.393,167,
2013/14,fixed_site,All,F,2717,2.393,168,
2013/14,fixed_site,All,F,2717,2.393,169,
2013/14,fixed_site,All,F,2717,2.393,170,
2013/14,fixed_site,All,F,2717,2.393,171,
2013/14,fixed_site,All,F,2717,2.393,172,
2013/14,fixed_site,All,F,2717,2.393,173,
2013/14,fixed_site,All,F,2717,2.393,174,
2013/14,fixed_site,All,F,2717,2.393,175,
2013/14,fixed_site,All,F,2717,2.393,176,
2013/14,fixed_site,All,F,2717,2.393,177,
2013/14,fixed_site,All,F,2717,2.393,178,
2013/14,fixed_site,All,F,2717,2.393,179,
2013/14,fixed_site,All,F,2717,2.393,180,
2013/14,fixed_site,All,F,2717,2.393,181,
2013/14,fixed_site,All,F,2717,2.393,182,
2013/14,fixed_site,All,F,2717,2.393,183,
2013/14,fixed_site,All,F,2717,2.393,184,
2013/14,fixed_site,All,F,2717,2.393,185,
2013/14,fixed_site,All,F,2717,2.393,186,
2013/14,fixed_site,All,F,2717,2.393,187,
2013/14,fixed_site,All,F,2717,2.393,188,
2013/14,fixed_site,All,F,2717,2.393,189,
2013/14,fixed_site,All,F,2717,2.393,190,
2013/14,fixed_site,All,M,2345,2.393,70,1
2013/14,fixed_site,All,M,2345,2.393,71,3
2013/14,fixed_site,All,M,2345,2.393,72,3
2013/14,fixed_site,All,M,2345,2.393,73,
2013/14,fixed_site,All,M,2345,2.393,74,1
2013/14,fixed_site,All,M,2345,2.393,75,2
2013/14,fixed_site,All,M,2345,2.393,76,6
2013/14,fixed_site,All,M,2345,2.393,77,7
2013/14,fixed_site,All,M,2345,2.393,78,7
2013/14,fixed_site,All,M,2345,2.393,79,2
2013/14,fixed_site,All,M,2345,2.393,80,7
2013/14,fixed_site,All,M,2345,2.393,81,2
2013/14,fixed_site,All,M,2345,2.393,82,12
2013/14,fixed_site,All,M,2345,2.393,83,9
2013/14,fixed_site,All,M,2345,2.393,84,10
2013/14,fixed_site,All,M,2345,2.393,85,14
2013/14,fixed_site,All,M,2345,2.393,86,9
2013/14,fixed_site,All,M,2345,2.393,87,15
2013/14,fixed_site,All,M,2345,2.393,88,29
2013/14,fixed_site,All,M,2345,2.393,89,13
2013/14,fixed_site,All,M,2345,2.393,90,29
2013/14,fixed_site,All,M,2345,2.393,91,20
2013/14,fixed_site,All,M,2345,2.393,92,25
2013/14,fixed_site,All,M,2345,2.393,93,25
2013/14,fixed_site,All,M,2345,2.393,94,31
2013/14,fixed_site,All,M,2345,2.393,95,29
2013/14,fixed_site,All,M,2345,2.393,96,39
2013/14,fixed_site,All,M,2345,2.393,97,42
2013/14,fixed_site,All,M,2345,2.393,98,52
2013/14,fixed_site,All,M,2345,2.393,99,40
2013/14,fixed_site,All,M,2345,2.393,100,57
2013/14,fixed_site,All,M,2345,2.393,101,42
2013/14,fixed_site,All,M,2345,2.393,102,62
2013/14,fixed_site,All,M,2345,2.393,103,59
2013/14,fixed_site,All,M,2345,2.393,104,63
2013/14,fixed_site,All,M,2345,2.393,105,59
2013/14,fixed_site,All,M,2345,2.393,106,72
2013/14,fixed_site,All,M,2345,2.393,107,77
2013/14,fixed_site,All,M,2345,2.393,108,77
2013/14,fixed_site,All,M,2345,2.393,109,71
2013/14,fixed_site,All,M,2345,2.393,110,26
2013/14,fixed_site,All,M,2345,2.393,111,54
2013/14,fixed_site,All,M,2345,2.393,112,64
2013/14,fixed_site,All,M,2345,2.393,113,50
2013/14,fixed_site,All,M,2345,2.393,114,44
2013/14,fixed_site,All,M,2345,2.393,115,48
2013/14,fixed_site,All,M,2345,2.393,116,38
2013/14,fixed_site,All,M,2345,2.393,117,59
2013/14,fixed_site,All,M,2345,2.393,118,47
2013/14,fixed_site,All,M,2345,2.393,119,35
2013/14,fixed_site,All,M,2345,2.393,120,48
2013/14,fixed_site,All,M,2345,2.393,121,41
2013/14,fixed_site,All,M,2345,2.393,122,43
2013/14,fixed_site,All,M,2345,2.393,123,40
2013/14,fixed_site,All,M,2345,2.393,124,23
2013/14,fixed_site,All,M,2345,2.393,125,29
2013/14,fixed_site,All,M,2345,2.393,126,20
2013/14,fixed_site,All,M,2345,2.393,127,31
2013/14,fixed_site,All,M,2345,2.393,128,31
2013/14,fixed_site,All,M,2345,2.393,129,23
2013/14,fixed_site,All,M,2345,2.393,130,24
2013/14,fixed_site,All,M,2345,2.393,131,17
2013/14,fixed_site,All,M,2345,2.393,132,38
2013/14,fixed_site,All,M,2345,2.393,133,17
2013/14,fixed_site,All,M,2345,2.393,134,22
2013/14,fixed_site,All,M,2345,2.393,135,18
2013/14,fixed_site,All,M,2345,2.393,136,10
2013/14,fixed_site,All,M,2345,2.393,137,32
2013/14,fixed_site,All,M,2345,2.393,138,21
2013/14,fixed_site,All,M,2345,2.393,139,15
2013/14,fixed_site,All,M,2345,2.393,140,20
2013/14,fixed_site,All,M,2345,2.393,141,20
2013/14,fixed_site,All,M,2345,2.393,142,25
2013/14,fixed_site,All,M,2345,2.393,143,19
2013/14,fixed_site,All,M,2345,2.393,144,16
2013/14,fixed_site,All,M,2345,2.393,145,13
2013/14,fixed_site,All,M,2345,2.393,146,5
2013/14,fixed_site,All,M,2345,2.393,147,11
2013/14,fixed_site,All,M,2345,2.393,148,12
2013/14,fixed_site,All,M,2345,2.393,149,3
2013/14,fixed_site,All,M,2345,2.393,150,8
2013/14,fixed_site,All,M,2345,2.393,151,6
2013/14,fixed_site,All,M,2345,2.393,152,3
2013/14,fixed_site,All,M,2345,2.393,153,7
2013/14,fixed_site,All,M,2345,2.393,154,11
2013/14,fixed_site,All,M,2345,2.393,155,7
2013/14,fixed_site,All,M,2345,2.393,156,1
2013/14,fixed_site,All,M,2345,2.393,157,2
2013/14,fixed_site,All,M,2345,2.393,158,2
2013/14,fixed_site,All,M,2345,2.393,159,
2013/14,fixed_site,All,M,2345,2.393,160,3
2013/14,fixed_site,All,M,2345,2.393,161,4
2013/14,fixed_site,All,M,2345,2.393,162,5
2013/14,fixed_site,All,M,2345,2.393,163,2
2013/14,fixed_site,All,M,2345,2.393,164,3
2013/14,fixed_site,All,M,2345,2.393,165,1
2013/14,fixed_site,All,M,2345,2.393,166,
2013/14,fixed_site,All,M,2345,2.393,167,1
2013/14,fixed_site,All,M,2345,2.393,168,1
2013/14,fixed_site,All,M,2345,2.393,169,
2013/14,fixed_site,All,M,2345,2.393,170,1
2013/14,fixed_site,All,M,2345,2.393,171,
2013/14,fixed_site,All,M,2345,2.393,172,
2013/14,fixed_site,All,M,2345,2.393,173,
2013/14,fixed_site,All,M,2345,2.393,174,
2013/14,fixed_site,All,M,2345,2.393,175,1
2013/14,fixed_site,All,M,2345,2.393,176,
2013/14,fixed_site,All,M,2345,2.393,177,
2013/14,fixed_site,All,M,2345,2.393,178,1
2013/14,fixed_site,All,M,2345,2.393,179,
2013/14,fixed_site,All,M,2345,2.393,180,
2013/14,fixed_site,All,M,2345,2.393,181,
2013/14,fixed_site,All,M,2345,2.393,182,
2013/14,fixed_site,All,M,2345,2.393,183,
2013/14,fixed_site,All,M,2345,2.393,184,
2013/14,fixed_site,All,M,2345,2.393,185,
2013/14,fixed_site,All,M,2345,2.393,186,
2013/14,fixed_site,All,M,2345,2.393,187,
2013/14,fixed_site,All,M,2345,2.393,188,
2013/14,fixed_site,All,M,2345,2.393,189,
2013/14,fixed_site,All,M,2345,2.393,190,
2012/13,fixed_site,All,F,3029,2.398,70,2
2012/13,fixed_site,All,F,3029,2.398,71,3
2012/13,fixed_site,All,F,3029,2.398,72,6
2012/13,fixed_site,All,F,3029,2.398,73,
2012/13,fixed_site,All,F,3029,2.398,74,4
2012/13,fixed_site,All,F,3029,2.398,75,3
2012/13,fixed_site,All,F,3029,2.398,76,9
2012/13,fixed_site,All,F,3029,2.398,77,11
2012/13,fixed_site,All,F,3029,2.398,78,13
2012/13,fixed_site,All,F,3029,2.398,79,8
2012/13,fixed_site,All,F,3029,2.398,80,12
2012/13,fixed_site,All,F,3029,2.398,81,17
2012/13,fixed_site,All,F,3029,2.398,82,24
2012/13,fixed_site,All,F,3029,2.398,83,24
2012/13,fixed_site,All,F,3029,2.398,84,28
2012/13,fixed_site,All,F,3029,2.398,85,22
2012/13,fixed_site,All,F,3029,2.398,86,37
2012/13,fixed_site,All,F,3029,2.398,87,51
2012/13,fixed_site,All,F,3029,2.398,88,55
2012/13,fixed_site,All,F,3029,2.398,89,54
2012/13,fixed_site,All,F,3029,2.398,90,61
2012/13,fixed_site,All,F,3029,2.398,91,55
2012/13,fixed_site,All,F,3029,2.398,92,90
2012/13,fixed_site,All,F,3029,2.398,93,97
2012/13,fixed_site,All,F,3029,2.398,94,81
2012/13,fixed_site,All,F,3029,2.398,95,104
2012/13,fixed_site,All,F,3029,2.398,96,114
2012/13,fixed_site,All,F,3029,2.398,97,126
2012/13,fixed_site,All,F,3029,2.398,98,154
2012/13,fixed_site,All,F,3029,2.398,99,119
2012/13,fixed_site,All,F,3029,2.398,100,150
2012/13,fixed_site,All,F,3029,2.398,101,119
2012/13,fixed_site,All,F,3029,2.398,102,168
2012/13,fixed_site,All,F,3029,2.398,103,157
2012/13,fixed_site,All,F,3029,2.398,104,225
2012/13,fixed_site,All,F,3029,2.398,105,75
2012/13,fixed_site,All,F,3029,2.398,106,126
2012/13,fixed_site,All,F,3029,2.398,107,120
2012/13,fixed_site,All,F,3029,2.398,108,92
2012/13,fixed_site,All,F,3029,2.398,109,78
2012/13,fixed_site,All,F,3029,2.398,110,54
2012/13,fixed_site,All,F,3029,2.398,111,58
2012/13,fixed_site,All,F,3029,2.398,112,49
2012/13,fixed_site,All,F,3029,2.398,113,23
2012/13,fixed_site,All,F,3029,2.398,114,27
2012/13,fixed_site,All,F,3029,2.398,115,31
2012/13,fixed_site,All,F,3029,2.398,116,16
2012/13,fixed_site,All,F,3029,2.398,117,27
2012/13,fixed_site,All,F,3029,2.398,118,9
2012/13,fixed_site,All,F,3029,2.398,119,8
2012/13,fixed_site,All,F,3029,2.398,120,4
2012/13,fixed_site,All,F,3029,2.398,121,7
2012/13,fixed_site,All,F,3029,2.398,122,4
2012/13,fixed_site,All,F,3029,2.398,123,4
2012/13,fixed_site,All,F,3029,2.398,124,2
2012/13,fixed_site,All,F,3029,2.398,125,2
2012/13,fixed_site,All,F,3029,2.398,126,1
2012/13,fixed_site,All,F,3029,2.398,127,3
2012/13,fixed_site,All,F,3029,2.398,128,
2012/13,fixed_site,All,F,3029,2.398,129,2
2012/13,fixed_site,All,F,3029,2.398,130,
2012/13,fixed_site,All,F,3029,2.398,131,
2012/13,fixed_site,All,F,3029,2.398,132,1
2012/13,fixed_site,All,F,3029,2.398,133,
2012/13,fixed_site,All,F,3029,2.398,134,1
2012/13,fixed_site,All,F,3029,2.398,135,1
2012/13,fixed_site,All,F,3029,2.398,136,
2012/13,fixed_site,All,F,3029,2.398,137,
2012/13,fixed_site,All,F,3029,2.398,138,
2012/13,fixed_site,All,F,3029,2.398,139,
2012/13,fixed_site,All,F,3029,2.398,140,1
2012/13,fixed_site,All,F,3029,2.398,141,
2012/13,fixed_site,All,F,3029,2.398,142,
2012/13,fixed_site,All,F,3029,2.398,143,
2012/13,fixed_site,All,F,3029,2.398,144,
2012/13,fixed_site,All,F,3029,2.398,145,
2012/13,fixed_site,All,F,3029,2.398,146,
2012/13,fixed_site,All,F,3029,2.398,147,
2012/13,fixed_site,All,F,3029,2.398,148,
2012/13,fixed_site,All,F,3029,2.398,149,
2012/13,fixed_site,All,F,3029,2.398,150,
2012/13,fixed_site,All,F,3029,2.398,151,
2012/13,fixed_site,All,F,3029,2.398,152,
2012/13,fixed_site,All,F,3029,2.398,153,
2012/13,fixed_site,All,F,3029,2.398,154,
2012/13,fixed_site,All,F,3029,2.398,155,
2012/13,fixed_site,All,F,3029,2.398,156,
2012/13,fixed_site,All,F,3029,2.398,157,
2012/13,fixed_site,All,F,3029,2.398,158,
2012/13,fixed_site,All,F,3029,2.398,159,
2012/13,fixed_site,All,F,3029,2.398,160,
2012/13,fixed_site,All,F,3029,2.398,161,
2012/13,fixed_site,All,F,3029,2.398,162,
2012/13,fixed_site,All,F,3029,2.398,163,
2012/13,fixed_site,All,F,3029,2.398,164,
2012/13,fixed_site,All,F,3029,2.398,165,
2012/13,fixed_site,All,F,3029,2.398,166,
2012/13,fixed_site,All,F,3029,2.398,167,
2012/13,fixed_site,All,F,3029,2.398,168,
2012/13,fixed_site,All,F,3029,2.398,169,
2012/13,fixed_site,All,F,3029,2.398,170,
2012/13,fixed_site,All,F,3029,2.398,171,
2012/13,fixed_site,All,F,3029,2.398,172,
2012/13,fixed_site,All,F,3029,2.398,173,
2012/13,fixed_site,All,F,3029,2.398,174,
2012/13,fixed_site,All,F,3029,2.398,175,
2012/13,fixed_site,All,F,3029,2.398,176,
2012/13,fixed_site,All,F,3029,2.398,177,
2012/13,fixed_site,All,F,3029,2.398,178,
2012/13,fixed_site,All,F,3029,2.398,179,
2012/13,fixed_site,All,F,3029,2.398,180,
2012/13,fixed_site,All,F,3029,2.398,181,
2012/13,fixed_site,All,F,3029,2.398,182,
2012/13,fixed_site,All,F,3029,2.398,183,
2012/13,fixed_site,All,F,3029,2.398,184,
2012/13,fixed_site,All,F,3029,2.398,185,
2012/13,fixed_site,All,F,3029,2.398,186,
2012/13,fixed_site,All,F,3029,2.398,187,
2012/13,fixed_site,All,F,3029,2.398,188,
2012/13,fixed_site,All,F,3029,2.398,189,
2012/13,fixed_site,All,F,3029,2.398,190,
2012/13,fixed_site,All,M,2731,2.398,70,1
2012/13,fixed_site,All,M,2731,2.398,71,1
2012/13,fixed_site,All,M,2731,2.398,72,3
2012/13,fixed_site,All,M,2731,2.398,73,2
2012/13,fixed_site,All,M,2731,2.398,74,3
2012/13,fixed_site,All,M,2731,2.398,75,4
2012/13,fixed_site,All,M,2731,2.398,76,1
2012/13,fixed_site,All,M,2731,2.398,77,5
2012/13,fixed_site,All,M,2731,2.398,78,5
2012/13,fixed_site,All,M,2731,2.398,79,2
2012/13,fixed_site,All,M,2731,2.398,80,11
2012/13,fixed_site,All,M,2731,2.398,81,18
2012/13,fixed_site,All,M,2731,2.398,82,17
2012/13,fixed_site,All,M,2731,2.398,83,13
2012/13,fixed_site,All,M,2731,2.398,84,20
2012/13,fixed_site,All,M,2731,2.398,85,18
2012/13,fixed_site,All,M,2731,2.398,86,22
2012/13,fixed_site,All,M,2731,2.398,87,32
2012/13,fixed_site,All,M,2731,2.398,88,33
2012/13,fixed_site,All,M,2731,2.398,89,35
2012/13,fixed_site,All,M,2731,2.398,90,37
2012/13,fixed_site,All,M,2731,2.398,91,40
2012/13,fixed_site,All,M,2731,2.398,92,52
2012/13,fixed_site,All,M,2731,2.398,93,58
2012/13,fixed_site,All,M,2731,2.398,94,38
2012/13,fixed_site,All,M,2731,2.398,95,49
2012/13,fixed_site,All,M,2731,2.398,96,42
2012/13,fixed_site,All,M,2731,2.398,97,54
2012/13,fixed_site,All,M,2731,2.398,98,69
2012/13,fixed_site,All,M,2731,2.398,99,50
2012/13,fixed_site,All,M,2731,2.398,100,65
2012/13,fixed_site,All,M,2731,2.398,101,60
2012/13,fixed_site,All,M,2731,2.398,102,54
2012/13,fixed_site,All,M,2731,2.398,103,58
2012/13,fixed_site,All,M,2731,2.398,104,68
2012/13,fixed_site,All,M,2731,2.398,105,69
2012/13,fixed_site,All,M,2731,2.398,106,50
2012/13,fixed_site,All,M,2731,2.398,107,74
2012/13,fixed_site,All,M,2731,2.398,108,66
2012/13,fixed_site,All,M,2731,2.398,109,76
2012/13,fixed_site,All,M,2731,2.398,110,34
2012/13,fixed_site,All,M,2731,2.398,111,58
2012/13,fixed_site,All,M,2731,2.398,112,66
2012/13,fixed_site,All,M,2731,2.398,113,54
2012/13,fixed_site,All,M,2731,2.398,114,54
2012/13,fixed_site,All,M,2731,2.398,115,55
2012/13,fixed_site,All,M,2731,2.398,116,52
2012/13,fixed_site,All,M,2731,2.398,117,77
2012/13,fixed_site,All,M,2731,2.398,118,54
2012/13,fixed_site,All,M,2731,2.398,119,39
2012/13,fixed_site,All,M,2731,2.398,120,63
2012/13,fixed_site,All,M,2731,2.398,121,42
2012/13,fixed_site,All,M,2731,2.398,122,44
2012/13,fixed_site,All,M,2731,2.398,123,48
2012/13,fixed_site,All,M,2731,2.398,124,44
2012/13,fixed_site,All,M,2731,2.398,125,39
2012/13,fixed_site,All,M,2731,2.398,126,37
2012/13,fixed_site,All,M,2731,2.398,127,33
2012/13,fixed_site,All,M,2731,2.398,128,45
2012/13,fixed_site,All,M,2731,2.398,129,39
2012/13,fixed_site,All,M,2731,2.398,130,40
2012/13,fixed_site,All,M,2731,2.398,131,28
2012/13,fixed_site,All,M,2731,2.398,132,49
2012/13,fixed_site,All,M,2731,2.398,133,23
2012/13,fixed_site,All,M,2731,2.398,134,26
2012/13,fixed_site,All,M,2731,2.398,135,30
2012/13,fixed_site,All,M,2731,2.398,136,15
2012/13,fixed_site,All,M,2731,2.398,137,22
2012/13,fixed_site,All,M,2731,2.398,138,13
2012/13,fixed_site,All,M,2731,2.398,139,12
2012/13,fixed_site,All,M,2731,2.398,140,17
2012/13,fixed_site,All,M,2731,2.398,141,16
2012/13,fixed_site,All,M,2731,2.398,142,9
2012/13,fixed_site,All,M,2731,2.398,143,7
2012/13,fixed_site,All,M,2731,2.398,144,1
2012/13,fixed_site,All,M,2731,2.398,145,7
2012/13,fixed_site,All,M,2731,2.398,146,5
2012/13,fixed_site,All,M,2731,2.398,147,9
2012/13,fixed_site,All,M,2731,2.398,148,9
2012/13,fixed_site,All,M,2731,2.398,149,4
2012/13,fixed_site,All,M,2731,2.398,150,1
2012/13,fixed_site,All,M,2731,2.398,151,2
2012/13,fixed_site,All,M,2731,2.398,152,2
2012/13,fixed_site,All,M,2731,2.398,153,4
2012/13,fixed_site,All,M,2731,2.398,154,1
2012/13,fixed_site,All,M,2731,2.398,155,3
2012/13,fixed_site,All,M,2731,2.398,156,3
2012/13,fixed_site,All,M,2731,2.398,157,2
2012/13,fixed_site,All,M,2731,2.398,158,1
2012/13,fixed_site,All,M,2731,2.398,159,1
2012/13,fixed_site,All,M,2731,2.398,160,1
2012/13,fixed_site,All,M,2731,2.398,161,
2012/13,fixed_site,All,M,2731,2.398,162,2
2012/13,fixed_site,All,M,2731,2.398,163,3
2012/13,fixed_site,All,M,2731,2.398,164,2
2012/13,fixed_site,All,M,2731,2.398,165,
2012/13,fixed_site,All,M,2731,2.398,166,
2012/13,fixed_site,All,M,2731,2.398,167,
2012/13,fixed_site,All,M,2731,2.398,168,1
2012/13,fixed_site,All,M,2731,2.398,169,1
2012/13,fixed_site,All,M,2731,2.398,170,1
2012/13,fixed_site,All,M,2731,2.398,171,
2012/13,fixed_site,All,M,2731,2.398,172,1
2012/13,fixed_site,All,M,2731,2.398,173,1
2012/13,fixed_site,All,M,2731,2.398,174,1
2012/13,fixed_site,All,M,2731,2.398,175,
2012/13,fixed_site,All,M,2731,2.398,176,1
2012/13,fixed_site,All,M,2731,2.398,177,1
2012/13,fixed_site,All,M,2731,2.398,178,
2012/13,fixed_site,All,M,2731,2.398,179,
2012/13,fixed_site,All,M,2731,2.398,180,
2012/13,fixed_site,All,M,2731,2.398,181,
2012/13,fixed_site,All,M,2731,2.398,182,
2012/13,fixed_site,All,M,2731,2.398,183,1
2012/13,fixed_site,All,M,2731,2.398,184,
2012/13,fixed_site,All,M,2731,2.398,185,
2012/13,fixed_site,All,M,2731,2.398,186,
2012/13,fixed_site,All,M,2731,2.398,187,
2012/13,fixed_site,All,M,2731,2.398,188,
2012/13,fixed_site,All,M,2731,2.398,189,
2012/13,fixed_site,All,M,2731,2.398,190,
2011/12,fixed_site,All,F,3178,2.405,70,2
2011/12,fixed_site,All,F,3178,2.405,71,
2011/12,fixed_site,All,F,3178,2.405,72,2
2011/12,fixed_site,All,F,3178,2.405,73,4
2011/12,fixed_site,All,F,3178,2.405,74,6
2011/12,fixed_site,All,F,3178,2.405,75,3
2011/12,fixed_site,All,F,3178,2.405,76,8
2011/12,fixed_site,All,F,3178,2.405,77,11
2011/12,fixed_site,All,F,3178,2.405,78,9
2011/12,fixed_site,All,F,3178,2.405,79,13
2011/12,fixed_site,All,F,3178,2.405,80,25
2011/12,fixed_site,All,F,3178,2.405,81,21
2011/12,fixed_site,All,F,3178,2.405,82,31
2011/12,fixed_site,All,F,3178,2.405,83,21
2011/12,fixed_site,All,F,3178,2.405,84,28
2011/12,fixed_site,All,F,3178,2.405,85,31
2011/12,fixed_site,All,F,3178,2.405,86,40
2011/12,fixed_site,All,F,3178,2.405,87,53
2011/12,fixed_site,All,F,3178,2.405,88,70
2011/12,fixed_site,All,F,3178,2.405,89,78
2011/12,fixed_site,All,F,3178,2.405,90,78
2011/12,fixed_site,All,F,3178,2.405,91,68
2011/12,fixed_site,All,F,3178,2.405,92,100
2011/12,fixed_site,All,F,3178,2.405,93,82
2011/12,fixed_site,All,F,3178,2.405,94,108
2011/12,fixed_site,All,F,3178,2.405,95,105
2011/12,fixed_site,All,F,3178,2.405,96,113
2011/12,fixed_site,All,F,3178,2.405,97,124
2011/12,fixed_site,All,F,3178,2.405,98,158
2011/12,fixed_site,All,F,3178,2.405,99,125
2011/12,fixed_site,All,F,3178,2.405,100,153
2011/12,fixed_site,All,F,3178,2.405,101,179
2011/12,fixed_site,All,F,3178,2.405,102,174
2011/12,fixed_site,All,F,3178,2.405,103,153
2011/12,fixed_site,All,F,3178,2.405,104,213
2011/12,fixed_site,All,F,3178,2.405,105,76
2011/12,fixed_site,All,F,3178,2.405,106,138
2011/12,fixed_site,All,F,3178,2.405,107,100
2011/12,fixed_site,All,F,3178,2.405,108,90
2011/12,fixed_site,All,F,3178,2.405,109,64
2011/12,fixed_site,All,F,3178,2.405,110,68
2011/12,fixed_site,All,F,3178,2.405,111,34
2011/12,fixed_site,All,F,3178,2.405,112,48
2011/12,fixed_site,All,F,3178,2.405,113,25
2011/12,fixed_site,All,F,3178,2.405,114,28
2011/12,fixed_site,All,F,3178,2.405,115,19
2011/12,fixed_site,All,F,3178,2.405,116,16
2011/12,fixed_site,All,F,3178,2.405,117,10
2011/12,fixed_site,All,F,3178,2.405,118,20
2011/12,fixed_site,All,F,3178,2.405,119,4
2011/12,fixed_site,All,F,3178,2.405,120,17
2011/12,fixed_site,All,F,3178,2.405,121,7
2011/12,fixed_site,All,F,3178,2.405,122,7
2011/12,fixed_site,All,F,3178,2.405,123,3
2011/12,fixed_site,All,F,3178,2.405,124,3
2011/12,fixed_site,All,F,3178,2.405,125,2
2011/12,fixed_site,All,F,3178,2.405,126,1
2011/12,fixed_site,All,F,3178,2.405,127,1
2011/12,fixed_site,All,F,3178,2.405,128,
2011/12,fixed_site,All,F,3178,2.405,129,2
2011/12,fixed_site,All,F,3178,2.405,130,
2011/12,fixed_site,All,F,3178,2.405,131,1
2011/12,fixed_site,All,F,3178,2.405,132,1
2011/12,fixed_site,All,F,3178,2.405,133,
2011/12,fixed_site,All,F,3178,2.405,134,1
2011/12,fixed_site,All,F,3178,2.405,135,1
2011/12,fixed_site,All,F,3178,2.405,136,
2011/12,fixed_site,All,F,3178,2.405,137,
2011/12,fixed_site,All,F,3178,2.405,138,
2011/12,fixed_site,All,F,3178,2.405,139,
2011/12,fixed_site,All,F,3178,2.405,140,
2011/12,fixed_site,All,F,3178,2.405,141,
2011/12,fixed_site,All,F,3178,2.405,142,
2011/12,fixed_site,All,F,3178,2.405,143,
2011/12,fixed_site,All,F,3178,2.405,144,
2011/12,fixed_site,All,F,3178,2.405,145,
2011/12,fixed_site,All,F,3178,2.405,146,
2011/12,fixed_site,All,F,3178,2.405,147,
2011/12,fixed_site,All,F,3178,2.405,148,
2011/12,fixed_site,All,F,3178,2.405,149,
2011/12,fixed_site,All,F,3178,2.405,150,
2011/12,fixed_site,All,F,3178,2.405,151,
2011/12,fixed_site,All,F,3178,2.405,152,
2011/12,fixed_site,All,F,3178,2.405,153,
2011/12,fixed_site,All,F,3178,2.405,154,
2011/12,fixed_site,All,F,3178,2.405,155,
2011/12,fixed_site,All,F,3178,2.405,156,
2011/12,fixed_site,All,F,3178,2.405,157,
2011/12,fixed_site,All,F,3178,2.405,158,
2011/12,fixed_site,All,F,3178,2.405,159,
2011/12,fixed_site,All,F,3178,2.405,160,
2011/12,fixed_site,All,F,3178,2.405,161,
2011/12,fixed_site,All,F,3178,2.405,162,
2011/12,fixed_site,All,F,3178,2.405,163,
2011/12,fixed_site,All,F,3178,2.405,164,
2011/12,fixed_site,All,F,3178,2.405,165,
2011/12,fixed_site,All,F,3178,2.405,166,
2011/12,fixed_site,All,F,3178,2.405,167,1
2011/12,fixed_site,All,F,3178,2.405,168,
2011/12,fixed_site,All,F,3178,2.405,169,1
2011/12,fixed_site,All,F,3178,2.405,170,
2011/12,fixed_site,All,F,3178,2.405,171,
2011/12,fixed_site,All,F,3178,2.405,172,
2011/12,fixed_site,All,F,3178,2.405,173,
2011/12,fixed_site,All,F,3178,2.405,174,
2011/12,fixed_site,All,F,3178,2.405,175,
2011/12,fixed_site,All,F,3178,2.405,176,
2011/12,fixed_site,All,F,3178,2.405,177,
2011/12,fixed_site,All,F,3178,2.405,178,
2011/12,fixed_site,All,F,3178,2.405,179,
2011/12,fixed_site,All,F,3178,2.405,180,
2011/12,fixed_site,All,F,3178,2.405,181,
2011/12,fixed_site,All,F,3178,2.405,182,
2011/12,fixed_site,All,F,3178,2.405,183,
2011/12,fixed_site,All,F,3178,2.405,184,
2011/12,fixed_site,All,F,3178,2.405,185,
2011/12,fixed_site,All,F,3178,2.405,186,
2011/12,fixed_site,All,F,3178,2.405,187,
2011/12,fixed_site,All,F,3178,2.405,188,
2011/12,fixed_site,All,F,3178,2.405,189,
2011/12,fixed_site,All,F,3178,2.405,190,
2011/12,fixed_site,All,M,3088,2.405,70,4
2011/12,fixed_site,All,M,3088,2.405,71,1
2011/12,fixed_site,All,M,3088,2.405,72,4
2011/12,fixed_site,All,M,3088,2.405,73,2
2011/12,fixed_site,All,M,3088,2.405,74,3
2011/12,fixed_site,All,M,3088,2.405,75,7
2011/12,fixed_site,All,M,3088,2.405,76,2
2011/12,fixed_site,All,M,3088,2.405,77,5
2011/12,fixed_site,All,M,3088,2.405,78,8
2011/12,fixed_site,All,M,3088,2.405,79,3
2011/12,fixed_site,All,M,3088,2.405,80,19
2011/12,fixed_site,All,M,3088,2.405,81,13
2011/12,fixed_site,All,M,3088,2.405,82,10
2011/12,fixed_site,All,M,3088,2.405,83,9
2011/12,fixed_site,All,M,3088,2.405,84,25
2011/12,fixed_site,All,M,3088,2.405,85,18
2011/12,fixed_site,All,M,3088,2.405,86,41
2011/12,fixed_site,All,M,3088,2.405,87,42
2011/12,fixed_site,All,M,3088,2.405,88,41
2011/12,fixed_site,All,M,3088,2.405,89,42
2011/12,fixed_site,All,M,3088,2.405,90,50
2011/12,fixed_site,All,M,3088,2.405,91,45
2011/12,fixed_site,All,M,3088,2.405,92,58
2011/12,fixed_site,All,M,3088,2.405,93,55
2011/12,fixed_site,All,M,3088,2.405,94,51
2011/12,fixed_site,All,M,3088,2.405,95,60
2011/12,fixed_site,All,M,3088,2.405,96,56
2011/12,fixed_site,All,M,3088,2.405,97,79
2011/12,fixed_site,All,M,3088,2.405,98,67
2011/12,fixed_site,All,M,3088,2.405,99,53
2011/12,fixed_site,All,M,3088,2.405,100,92
2011/12,fixed_site,All,M,3088,2.405,101,69
2011/12,fixed_site,All,M,3088,2.405,102,77
2011/12,fixed_site,All,M,3088,2.405,103,62
2011/12,fixed_site,All,M,3088,2.405,104,83
2011/12,fixed_site,All,M,3088,2.405,105,98
2011/12,fixed_site,All,M,3088,2.405,106,98
2011/12,fixed_site,All,M,3088,2.405,107,101
2011/12,fixed_site,All,M,3088,2.405,108,85
2011/12,fixed_site,All,M,3088,2.405,109,84
2011/12,fixed_site,All,M,3088,2.405,110,65
2011/12,fixed_site,All,M,3088,2.405,111,80
2011/12,fixed_site,All,M,3088,2.405,112,84
2011/12,fixed_site,All,M,3088,2.405,113,75
2011/12,fixed_site,All,M,3088,2.405,114,57
2011/12,fixed_site,All,M,3088,2.405,115,59
2011/12,fixed_site,All,M,3088,2.405,116,54
2011/12,fixed_site,All,M,3088,2.405,117,83
2011/12,fixed_site,All,M,3088,2.405,118,61
2011/12,fixed_site,All,M,3088,2.405,119,56
2011/12,fixed_site,All,M,3088,2.405,120,60
2011/12,fixed_site,All,M,3088,2.405,121,61
2011/12,fixed_site,All,M,3088,2.405,122,60
2011/12,fixed_site,All,M,3088,2.405,123,47
2011/12,fixed_site,All,M,3088,2.405,124,40
2011/12,fixed_site,All,M,3088,2.405,125,37
2011/12,fixed_site,All,M,3088,2.405,126,49
2011/12,fixed_site,All,M,3088,2.405,127,29
2011/12,fixed_site,All,M,3088,2.405,128,33
2011/12,fixed_site,All,M,3088,2.405,129,32
2011/12,fixed_site,All,M,3088,2.405,130,29
2011/12,fixed_site,All,M,3088,2.405,131,30
2011/12,fixed_site,All,M,3088,2.405,132,25
2011/12,fixed_site,All,M,3088,2.405,133,17
2011/12,fixed_site,All,M,3088,2.405,134,11
2011/12,fixed_site,All,M,3088,2.405,135,15
2011/12,fixed_site,All,M,3088,2.405,136,10
2011/12,fixed_site,All,M,3088,2.405,137,17
2011/12,fixed_site,All,M,3088,2.405,138,9
2011/12,fixed_site,All,M,3088,2.405,139,5
2011/12,fixed_site,All,M,3088,2.405,140,15
2011/12,fixed_site,All,M,3088,2.405,141,4
2011/12,fixed_site,All,M,3088,2.405,142,8
2011/12,fixed_site,All,M,3088,2.405,143,9
2011/12,fixed_site,All,M,3088,2.405,144,3
2011/12,fixed_site,All,M,3088,2.405,145,1
2011/12,fixed_site,All,M,3088,2.405,146,3
2011/12,fixed_site,All,M,3088,2.405,147,5
2011/12,fixed_site,All,M,3088,2.405,148,3
2011/12,fixed_site,All,M,3088,2.405,149,1
2011/12,fixed_site,All,M,3088,2.405,150,
2011/12,fixed_site,All,M,3088,2.405,151,
2011/12,fixed_site,All,M,3088,2.405,152,3
2011/12,fixed_site,All,M,3088,2.405,153,3
2011/12,fixed_site,All,M,3088,2.405,154,3
2011/12,fixed_site,All,M,3088,2.405,155,3
2011/12,fixed_site,All,M,3088,2.405,156,1
2011/12,fixed_site,All,M,3088,2.405,157,
2011/12,fixed_site,All,M,3088,2.405,158,
2011/12,fixed_site,All,M,3088,2.405,159,
2011/12,fixed_site,All,M,3088,2.405,160,1
2011/12,fixed_site,All,M,3088,2.405,161,1
2011/12,fixed_site,All,M,3088,2.405,162,2
2011/12,fixed_site,All,M,3088,2.405,163,
2011/12,fixed_site,All,M,3088,2.405,164,
2011/12,fixed_site,All,M,3088,2.405,165,2
2011/12,fixed_site,All,M,3088,2.405,166,
2011/12,fixed_site,All,M,3088,2.405,167,1
2011/12,fixed_site,All,M,3088,2.405,168,
2011/12,fixed_site,All,M,3088,2.405,169,1
2011/12,fixed_site,All,M,3088,2.405,170,
2011/12,fixed_site,All,M,3088,2.405,171,
2011/12,fixed_site,All,M,3088,2.405,172,
2011/12,fixed_site,All,M,3088,2.405,173,
2011/12,fixed_site,All,M,3088,2.405,174,
2011/12,fixed_site,All,M,3088,2.405,175,
2011/12,fixed_site,All,M,3088,2.405,176,
2011/12,fixed_site,All,M,3088,2.405,177,
2011/12,fixed_site,All,M,3088,2.405,178,
2011/12,fixed_site,All,M,3088,2.405,179,1
2011/12,fixed_site,All,M,3088,2.405,180,1
2011/12,fixed_site,All,M,3088,2.405,181,1
2011/12,fixed_site,All,M,3088,2.405,182,
2011/12,fixed_site,All,M,3088,2.405,183,
2011/12,fixed_site,All,M,3088,2.405,184,
2011/12,fixed_site,All,M,3088,2.405,185,
2011/12,fixed_site,All,M,3088,2.405,186,
2011/12,fixed_site,All,M,3088,2.405,187,
2011/12,fixed_site,All,M,3088,2.405,188,
2011/12,fixed_site,All,M,3088,2.405,189,
2011/12,fixed_site,All,M,3088,2.405,190,
2010/11,fixed_site,All,F,3654,2.444,70,2
2010/11,fixed_site,All,F,3654,2.444,71,5
2010/11,fixed_site,All,F,3654,2.444,72,5
2010/11,fixed_site,All,F,3654,2.444,73,5
2010/11,fixed_site,All,F,3654,2.444,74,4
2010/11,fixed_site,All,F,3654,2.444,75,4
2010/11,fixed_site,All,F,3654,2.444,76,10
2010/11,fixed_site,All,F,3654,2.444,77,12
2010/11,fixed_site,All,F,3654,2.444,78,13
2010/11,fixed_site,All,F,3654,2.444,79,10
2010/11,fixed_site,All,F,3654,2.444,80,13
2010/11,fixed_site,All,F,3654,2.444,81,15
2010/11,fixed_site,All,F,3654,2.444,82,20
2010/11,fixed_site,All,F,3654,2.444,83,22
2010/11,fixed_site,All,F,3654,2.444,84,32
2010/11,fixed_site,All,F,3654,2.444,85,48
2010/11,fixed_site,All,F,3654,2.444,86,59
2010/11,fixed_site,All,F,3654,2.444,87,69
2010/11,fixed_site,All,F,3654,2.444,88,58
2010/11,fixed_site,All,F,3654,2.444,89,71
2010/11,fixed_site,All,F,3654,2.444,90,81
2010/11,fixed_site,All,F,3654,2.444,91,96
2010/11,fixed_site,All,F,3654,2.444,92,125
2010/11,fixed_site,All,F,3654,2.444,93,118
2010/11,fixed_site,All,F,3654,2.444,94,128
2010/11,fixed_site,All,F,3654,2.444,95,161
2010/11,fixed_site,All,F,3654,2.444,96,138
2010/11,fixed_site,All,F,3654,2.444,97,196
2010/11,fixed_site,All,F,3654,2.444,98,178
2010/11,fixed_site,All,F,3654,2.444,99,192
2010/11,fixed_site,All,F,3654,2.444,100,222
2010/11,fixed_site,All,F,3654,2.444,101,167
2010/11,fixed_site,All,F,3654,2.444,102,236
2010/11,fixed_site,All,F,3654,2.444,103,199
2010/11,fixed_site,All,F,3654,2.444,104,234
2010/11,fixed_site,All,F,3654,2.444,105,84
2010/11,fixed_site,All,F,3654,2.444,106,111
2010/11,fixed_site,All,F,3654,2.444,107,93
2010/11,fixed_site,All,F,3654,2.444,108,63
2010/11,fixed_site,All,F,3654,2.444,109,57
2010/11,fixed_site,All,F,3654,2.444,110,68
2010/11,fixed_site,All,F,3654,2.444,111,42
2010/11,fixed_site,All,F,3654,2.444,112,40
2010/11,fixed_site,All,F,3654,2.444,113,24
2010/11,fixed_site,All,F,3654,2.444,114,20
2010/11,fixed_site,All,F,3654,2.444,115,16
2010/11,fixed_site,All,F,3654,2.444,116,18
2010/11,fixed_site,All,F,3654,2.444,117,12
2010/11,fixed_site,All,F,3654,2.444,118,9
2010/11,fixed_site,All,F,3654,2.444,119,11
2010/11,fixed_site,All,F,3654,2.444,120,11
2010/11,fixed_site,All,F,3654,2.444,121,3
2010/11,fixed_site,All,F,3654,2.444,122,5
2010/11,fixed_site,All,F,3654,2.444,123,4
2010/11,fixed_site,All,F,3654,2.444,124,2
2010/11,fixed_site,All,F,3654,2.444,125,2
2010/11,fixed_site,All,F,3654,2.444,126,
2010/11,fixed_site,All,F,3654,2.444,127,4
2010/11,fixed_site,All,F,3654,2.444,128,5
2010/11,fixed_site,All,F,3654,2.444,129,
2010/11,fixed_site,All,F,3654,2.444,130,
2010/11,fixed_site,All,F,3654,2.444,131,
2010/11,fixed_site,All,F,3654,2.444,132,1
2010/11,fixed_site,All,F,3654,2.444,133,
2010/11,fixed_site,All,F,3654,2.444,134,1
2010/11,fixed_site,All,F,3654,2.444,135,
2010/11,fixed_site,All,F,3654,2.444,136,
2010/11,fixed_site,All,F,3654,2.444,137,
2010/11,fixed_site,All,F,3654,2.444,138,
2010/11,fixed_site,All,F,3654,2.444,139,
2010/11,fixed_site,All,F,3654,2.444,140,
2010/11,fixed_site,All,F,3654,2.444,141,
2010/11,fixed_site,All,F,3654,2.444,142,
2010/11,fixed_site,All,F,3654,2.444,143,
2010/11,fixed_site,All,F,3654,2.444,144,
2010/11,fixed_site,All,F,3654,2.444,145,
2010/11,fixed_site,All,F,3654,2.444,146,
2010/11,fixed_site,All,F,3654,2.444,147,
2010/11,fixed_site,All,F,3654,2.444,148,
2010/11,fixed_site,All,F,3654,2.444,149,
2010/11,fixed_site,All,F,3654,2.444,150,
2010/11,fixed_site,All,F,3654,2.444,151,
2010/11,fixed_site,All,F,3654,2.444,152,
2010/11,fixed_site,All,F,3654,2.444,153,
2010/11,fixed_site,All,F,3654,2.444,154,
2010/11,fixed_site,All,F,3654,2.444,155,
2010/11,fixed_site,All,F,3654,2.444,156,
2010/11,fixed_site,All,F,3654,2.444,157,
2010/11,fixed_site,All,F,3654,2.444,158,
2010/11,fixed_site,All,F,3654,2.444,159,
2010/11,fixed_site,All,F,3654,2.444,160,
2010/11,fixed_site,All,F,3654,2.444,161,
2010/11,fixed_site,All,F,3654,2.444,162,
2010/11,fixed_site,All,F,3654,2.444,163,
2010/11,fixed_site,All,F,3654,2.444,164,
2010/11,fixed_site,All,F,3654,2.444,165,
2010/11,fixed_site,All,F,3654,2.444,166,
2010/11,fixed_site,All,F,3654,2.444,167,
2010/11,fixed_site,All,F,3654,2.444,168,
2010/11,fixed_site,All,F,3654,2.444,169,
2010/11,fixed_site,All,F,3654,2.444,170,
2010/11,fixed_site,All,F,3654,2.444,171,
2010/11,fixed_site,All,F,3654,2.444,172,
2010/11,fixed_site,All,F,3654,2.444,173,
2010/11,fixed_site,All,F,3654,2.444,174,
2010/11,fixed_site,All,F,3654,2.444,175,
2010/11,fixed_site,All,F,3654,2.444,176,
2010/11,fixed_site,All,F,3654,2.444,177,
2010/11,fixed_site,All,F,3654,2.444,178,
2010/11,fixed_site,All,F,3654,2.444,179,
2010/11,fixed_site,All,F,3654,2.444,180,
2010/11,fixed_site,All,F,3654,2.444,181,
2010/11,fixed_site,All,F,3654,2.444,182,
2010/11,fixed_site,All,F,3654,2.444,183,
2010/11,fixed_site,All,F,3654,2.444,184,
2010/11,fixed_site,All,F,3654,2.444,185,
2010/11,fixed_site,All,F,3654,2.444,186,
2010/11,fixed_site,All,F,3654,2.444,187,
2010/11,fixed_site,All,F,3654,2.444,188,
2010/11,fixed_site,All,F,3654,2.444,189,
2010/11,fixed_site,All,F,3654,2.444,190,
2010/11,fixed_site,All,M,3658,2.444,70,2
2010/11,fixed_site,All,M,3658,2.444,71,3
2010/11,fixed_site,All,M,3658,2.444,72,1
2010/11,fixed_site,All,M,3658,2.444,73,3
2010/11,fixed_site,All,M,3658,2.444,74,3
2010/11,fixed_site,All,M,3658,2.444,75,4
2010/11,fixed_site,All,M,3658,2.444,76,5
2010/11,fixed_site,All,M,3658,2.444,77,4
2010/11,fixed_site,All,M,3658,2.444,78,12
2010/11,fixed_site,All,M,3658,2.444,79,6
2010/11,fixed_site,All,M,3658,2.444,80,10
2010/11,fixed_site,All,M,3658,2.444,81,11
2010/11,fixed_site,All,M,3658,2.444,82,21
2010/11,fixed_site,All,M,3658,2.444,83,13
2010/11,fixed_site,All,M,3658,2.444,84,16
2010/11,fixed_site,All,M,3658,2.444,85,16
2010/11,fixed_site,All,M,3658,2.444,86,30
2010/11,fixed_site,All,M,3658,2.444,87,31
2010/11,fixed_site,All,M,3658,2.444,88,35
2010/11,fixed_site,All,M,3658,2.444,89,29
2010/11,fixed_site,All,M,3658,2.444,90,40
2010/11,fixed_site,All,M,3658,2.444,91,49
2010/11,fixed_site,All,M,3658,2.444,92,78
2010/11,fixed_site,All,M,3658,2.444,93,61
2010/11,fixed_site,All,M,3658,2.444,94,78
2010/11,fixed_site,All,M,3658,2.444,95,86
2010/11,fixed_site,All,M,3658,2.444,96,93
2010/11,fixed_site,All,M,3658,2.444,97,119
2010/11,fixed_site,All,M,3658,2.444,98,94
2010/11,fixed_site,All,M,3658,2.444,99,111
2010/11,fixed_site,All,M,3658,2.444,100,148
2010/11,fixed_site,All,M,3658,2.444,101,117
2010/11,fixed_site,All,M,3658,2.444,102,143
2010/11,fixed_site,All,M,3658,2.444,103,145
2010/11,fixed_site,All,M,3658,2.444,104,155
2010/11,fixed_site,All,M,3658,2.444,105,154
2010/11,fixed_site,All,M,3658,2.444,106,140
2010/11,fixed_site,All,M,3658,2.444,107,176
2010/11,fixed_site,All,M,3658,2.444,108,146
2010/11,fixed_site,All,M,3658,2.444,109,119
2010/11,fixed_site,All,M,3658,2.444,110,85
2010/11,fixed_site,All,M,3658,2.444,111,84
2010/11,fixed_site,All,M,3658,2.444,112,93
2010/11,fixed_site,All,M,3658,2.444,113,63
2010/11,fixed_site,All,M,3658,2.444,114,66
2010/11,fixed_site,All,M,3658,2.444,115,71
2010/11,fixed_site,All,M,3658,2.444,116,50
2010/11,fixed_site,All,M,3658,2.444,117,74
2010/11,fixed_site,All,M,3658,2.444,118,51
2010/11,fixed_site,All,M,3658,2.444,119,39
2010/11,fixed_site,All,M,3658,2.444,120,47
2010/11,fixed_site,All,M,3658,2.444,121,34
2010/11,fixed_site,All,M,3658,2.444,122,43
2010/11,fixed_site,All,M,3658,2.444,123,23
2010/11,fixed_site,All,M,3658,2.444,124,38
2010/11,fixed_site,All,M,3658,2.444,125,26
2010/11,fixed_site,All,M,3658,2.444,126,23
2010/11,fixed_site,All,M,3658,2.444,127,37
2010/11,fixed_site,All,M,3658,2.444,128,21
2010/11,fixed_site,All,M,3658,2.444,129,19
2010/11,fixed_site,All,M,3658,2.444,130,23
2010/11,fixed_site,All,M,3658,2.444,131,15
2010/11,fixed_site,All,M,3658,2.444,132,17
2010/11,fixed_site,All,M,3658,2.444,133,11
2010/11,fixed_site,All,M,3658,2.444,134,11
2010/11,fixed_site,All,M,3658,2.444,135,8
2010/11,fixed_site,All,M,3658,2.444,136,4
2010/11,fixed_site,All,M,3658,2.444,137,8
2010/11,fixed_site,All,M,3658,2.444,138,6
2010/11,fixed_site,All,M,3658,2.444,139,3
2010/11,fixed_site,All,M,3658,2.444,140,4
2010/11,fixed_site,All,M,3658,2.444,141,3
2010/11,fixed_site,All,M,3658,2.444,142,4
2010/11,fixed_site,All,M,3658,2.444,143,1
2010/11,fixed_site,All,M,3658,2.444,144,3
2010/11,fixed_site,All,M,3658,2.444,145,4
2010/11,fixed_site,All,M,3658,2.444,146,4
2010/11,fixed_site,All,M,3658,2.444,147,2
2010/11,fixed_site,All,M,3658,2.444,148,3
2010/11,fixed_site,All,M,3658,2.444,149,1
2010/11,fixed_site,All,M,3658,2.444,150,7
2010/11,fixed_site,All,M,3658,2.444,151,2
2010/11,fixed_site,All,M,3658,2.444,152,
2010/11,fixed_site,All,M,3658,2.444,153,1
2010/11,fixed_site,All,M,3658,2.444,154,4
2010/11,fixed_site,All,M,3658,2.444,155,5
2010/11,fixed_site,All,M,3658,2.444,156,1
2010/11,fixed_site,All,M,3658,2.444,157,
2010/11,fixed_site,All,M,3658,2.444,158,2
2010/11,fixed_site,All,M,3658,2.444,159,
2010/11,fixed_site,All,M,3658,2.444,160,1
2010/11,fixed_site,All,M,3658,2.444,161,1
2010/11,fixed_site,All,M,3658,2.444,162,1
2010/11,fixed_site,All,M,3658,2.444,163,
2010/11,fixed_site,All,M,3658,2.444,164,1
2010/11,fixed_site,All,M,3658,2.444,165,
2010/11,fixed_site,All,M,3658,2.444,166,
2010/11,fixed_site,All,M,3658,2.444,167,
2010/11,fixed_site,All,M,3658,2.444,168,
2010/11,fixed_site,All,M,3658,2.444,169,
2010/11,fixed_site,All,M,3658,2.444,170,
2010/11,fixed_site,All,M,3658,2.444,171,1
2010/11,fixed_site,All,M,3658,2.444,172,1
2010/11,fixed_site,All,M,3658,2.444,173,
2010/11,fixed_site,All,M,3658,2.444,174,
2010/11,fixed_site,All,M,3658,2.444,175,1
2010/11,fixed_site,All,M,3658,2.444,176,
2010/11,fixed_site,All,M,3658,2.444,177,
2010/11,fixed_site,All,M,3658,2.444,178,
2010/11,fixed_site,All,M,3658,2.444,179,
2010/11,fixed_site,All,M,3658,2.444,180,
2010/11,fixed_site,All,M,3658,2.444,181,
2010/11,fixed_site,All,M,3658,2.444,182,
2010/11,fixed_site,All,M,3658,2.444,183,
2010/11,fixed_site,All,M,3658,2.444,184,
2010/11,fixed_site,All,M,3658,2.444,185,
2010/11,fixed_site,All,M,3658,2.444,186,
2010/11,fixed_site,All,M,3658,2.444,187,
2010/11,fixed_site,All,M,3658,2.444,188,
2010/11,fixed_site,All,M,3658,2.444,189,
2010/11,fixed_site,All,M,3658,2.444,190,
2009/10,fixed_site,All,F,3611,2.789,70,6
2009/10,fixed_site,All,F,3611,2.789,71,9
2009/10,fixed_site,All,F,3611,2.789,72,10
2009/10,fixed_site,All,F,3611,2.789,73,15
2009/10,fixed_site,All,F,3611,2.789,74,17
2009/10,fixed_site,All,F,3611,2.789,75,18
2009/10,fixed_site,All,F,3611,2.789,76,11
2009/10,fixed_site,All,F,3611,2.789,77,26
2009/10,fixed_site,All,F,3611,2.789,78,21
2009/10,fixed_site,All,F,3611,2.789,79,19
2009/10,fixed_site,All,F,3611,2.789,80,46
2009/10,fixed_site,All,F,3611,2.789,81,47
2009/10,fixed_site,All,F,3611,2.789,82,45
2009/10,fixed_site,All,F,3611,2.789,83,60
2009/10,fixed_site,All,F,3611,2.789,84,64
2009/10,fixed_site,All,F,3611,2.789,85,71
2009/10,fixed_site,All,F,3611,2.789,86,77
2009/10,fixed_site,All,F,3611,2.789,87,94
2009/10,fixed_site,All,F,3611,2.789,88,106
2009/10,fixed_site,All,F,3611,2.789,89,75
2009/10,fixed_site,All,F,3611,2.789,90,126
2009/10,fixed_site,All,F,3611,2.789,91,115
2009/10,fixed_site,All,F,3611,2.789,92,124
2009/10,fixed_site,All,F,3611,2.789,93,101
2009/10,fixed_site,All,F,3611,2.789,94,116
2009/10,fixed_site,All,F,3611,2.789,95,117
2009/10,fixed_site,All,F,3611,2.789,96,139
2009/10,fixed_site,All,F,3611,2.789,97,138
2009/10,fixed_site,All,F,3611,2.789,98,148
2009/10,fixed_site,All,F,3611,2.789,99,116
2009/10,fixed_site,All,F,3611,2.789,100,172
2009/10,fixed_site,All,F,3611,2.789,101,163
2009/10,fixed_site,All,F,3611,2.789,102,169
2009/10,fixed_site,All,F,3611,2.789,103,176
2009/10,fixed_site,All,F,3611,2.789,104,172
2009/10,fixed_site,All,F,3611,2.789,105,80
2009/10,fixed_site,All,F,3611,2.789,106,101
2009/10,fixed_site,All,F,3611,2.789,107,85
2009/10,fixed_site,All,F,3611,2.789,108,68
2009/10,fixed_site,All,F,3611,2.789,109,48
2009/10,fixed_site,All,F,3611,2.789,110,60
2009/10,fixed_site,All,F,3611,2.789,111,39
2009/10,fixed_site,All,F,3611,2.789,112,36
2009/10,fixed_site,All,F,3611,2.789,113,19
2009/10,fixed_site,All,F,3611,2.789,114,17
2009/10,fixed_site,All,F,3611,2.789,115,20
2009/10,fixed_site,All,F,3611,2.789,116,24
2009/10,fixed_site,All,F,3611,2.789,117,11
2009/10,fixed_site,All,F,3611,2.789,118,14
2009/10,fixed_site,All,F,3611,2.789,119,11
2009/10,fixed_site,All,F,3611,2.789,120,11
2009/10,fixed_site,All,F,3611,2.789,121,5
2009/10,fixed_site,All,F,3611,2.789,122,7
2009/10,fixed_site,All,F,3611,2.789,123,10
2009/10,fixed_site,All,F,3611,2.789,124,3
2009/10,fixed_site,All,F,3611,2.789,125,4
2009/10,fixed_site,All,F,3611,2.789,126,
2009/10,fixed_site,All,F,3611,2.789,127,3
2009/10,fixed_site,All,F,3611,2.789,128,
2009/10,fixed_site,All,F,3611,2.789,129,1
2009/10,fixed_site,All,F,3611,2.789,130,2
2009/10,fixed_site,All,F,3611,2.789,131,
2009/10,fixed_site,All,F,3611,2.789,132,
2009/10,fixed_site,All,F,3611,2.789,133,1
2009/10,fixed_site,All,F,3611,2.789,134,1
2009/10,fixed_site,All,F,3611,2.789,135,
2009/10,fixed_site,All,F,3611,2.789,136,
2009/10,fixed_site,All,F,3611,2.789,137,1
2009/10,fixed_site,All,F,3611,2.789,138,
2009/10,fixed_site,All,F,3611,2.789,139,
2009/10,fixed_site,All,F,3611,2.789,140,
2009/10,fixed_site,All,F,3611,2.789,141,
2009/10,fixed_site,All,F,3611,2.789,142,
2009/10,fixed_site,All,F,3611,2.789,143,
2009/10,fixed_site,All,F,3611,2.789,144,
2009/10,fixed_site,All,F,3611,2.789,145,
2009/10,fixed_site,All,F,3611,2.789,146,
2009/10,fixed_site,All,F,3611,2.789,147,
2009/10,fixed_site,All,F,3611,2.789,148,
2009/10,fixed_site,All,F,3611,2.789,149,
2009/10,fixed_site,All,F,3611,2.789,150,
2009/10,fixed_site,All,F,3611,2.789,151,
2009/10,fixed_site,All,F,3611,2.789,152,
2009/10,fixed_site,All,F,3611,2.789,153,
2009/10,fixed_site,All,F,3611,2.789,154,
2009/10,fixed_site,All,F,3611,2.789,155,
2009/10,fixed_site,All,F,3611,2.789,156,
2009/10,fixed_site,All,F,3611,2.789,157,
2009/10,fixed_site,All,F,3611,2.789,158,
2009/10,fixed_site,All,F,3611,2.789,159,
2009/10,fixed_site,All,F,3611,2.789,160,
2009/10,fixed_site,All,F,3611,2.789,161,
2009/10,fixed_site,All,F,3611,2.789,162,
2009/10,fixed_site,All,F,3611,2.789,163,
2009/10,fixed_site,All,F,3611,2.789,164,
2009/10,fixed_site,All,F,3611,2.789,165,
2009/10,fixed_site,All,F,3611,2.789,166,
2009/10,fixed_site,All,F,3611,2.789,167,
2009/10,fixed_site,All,F,3611,2.789,168,
2009/10,fixed_site,All,F,3611,2.789,169,
2009/10,fixed_site,All,F,3611,2.789,170,
2009/10,fixed_site,All,F,3611,2.789,171,
2009/10,fixed_site,All,F,3611,2.789,172,
2009/10,fixed_site,All,F,3611,2.789,173,
2009/10,fixed_site,All,F,3611,2.789,174,
2009/10,fixed_site,All,F,3611,2.789,175,
2009/10,fixed_site,All,F,3611,2.789,176,
2009/10,fixed_site,All,F,3611,2.789,177,
2009/10,fixed_site,All,F,3611,2.789,178,
2009/10,fixed_site,All,F,3611,2.789,179,
2009/10,fixed_site,All,F,3611,2.789,180,
2009/10,fixed_site,All,F,3611,2.789,181,
2009/10,fixed_site,All,F,3611,2.789,182,
2009/10,fixed_site,All,F,3611,2.789,183,
2009/10,fixed_site,All,F,3611,2.789,184,
2009/10,fixed_site,All,F,3611,2.789,185,
2009/10,fixed_site,All,F,3611,2.789,186,
2009/10,fixed_site,All,F,3611,2.789,187,
2009/10,fixed_site,All,F,3611,2.789,188,
2009/10,fixed_site,All,F,3611,2.789,189,
2009/10,fixed_site,All,F,3611,2.789,190,
2009/10,fixed_site,All,M,3307,2.789,70,6
2009/10,fixed_site,All,M,3307,2.789,71,5
2009/10,fixed_site,All,M,3307,2.789,72,9
2009/10,fixed_site,All,M,3307,2.789,73,5
2009/10,fixed_site,All,M,3307,2.789,74,9
2009/10,fixed_site,All,M,3307,2.789,75,14
2009/10,fixed_site,All,M,3307,2.789,76,11
2009/10,fixed_site,All,M,3307,2.789,77,18
2009/10,fixed_site,All,M,3307,2.789,78,17
2009/10,fixed_site,All,M,3307,2.789,79,15
2009/10,fixed_site,All,M,3307,2.789,80,25
2009/10,fixed_site,All,M,3307,2.789,81,31
2009/10,fixed_site,All,M,3307,2.789,82,37
2009/10,fixed_site,All,M,3307,2.789,83,36
2009/10,fixed_site,All,M,3307,2.789,84,49
2009/10,fixed_site,All,M,3307,2.789,85,44
2009/10,fixed_site,All,M,3307,2.789,86,52
2009/10,fixed_site,All,M,3307,2.789,87,56
2009/10,fixed_site,All,M,3307,2.789,88,77
2009/10,fixed_site,All,M,3307,2.789,89,67
2009/10,fixed_site,All,M,3307,2.789,90,73
2009/10,fixed_site,All,M,3307,2.789,91,71
2009/10,fixed_site,All,M,3307,2.789,92,114
2009/10,fixed_site,All,M,3307,2.789,93,103
2009/10,fixed_site,All,M,3307,2.789,94,78
2009/10,fixed_site,All,M,3307,2.789,95,107
2009/10,fixed_site,All,M,3307,2.789,96,122
2009/10,fixed_site,All,M,3307,2.789,97,80
2009/10,fixed_site,All,M,3307,2.789,98,109
2009/10,fixed_site,All,M,3307,2.789,99,90
2009/10,fixed_site,All,M,3307,2.789,100,118
2009/10,fixed_site,All,M,3307,2.789,101,80
2009/10,fixed_site,All,M,3307,2.789,102,105
2009/10,fixed_site,All,M,3307,2.789,103,104
2009/10,fixed_site,All,M,3307,2.789,104,82
2009/10,fixed_site,All,M,3307,2.789,105,88
2009/10,fixed_site,All,M,3307,2.789,106,82
2009/10,fixed_site,All,M,3307,2.789,107,87
2009/10,fixed_site,All,M,3307,2.789,108,97
2009/10,fixed_site,All,M,3307,2.789,109,69
2009/10,fixed_site,All,M,3307,2.789,110,52
2009/10,fixed_site,All,M,3307,2.789,111,63
2009/10,fixed_site,All,M,3307,2.789,112,64
2009/10,fixed_site,All,M,3307,2.789,113,26
2009/10,fixed_site,All,M,3307,2.789,114,40
2009/10,fixed_site,All,M,3307,2.789,115,70
2009/10,fixed_site,All,M,3307,2.789,116,31
2009/10,fixed_site,All,M,3307,2.789,117,38
2009/10,fixed_site,All,M,3307,2.789,118,35
2009/10,fixed_site,All,M,3307,2.789,119,29
2009/10,fixed_site,All,M,3307,2.789,120,35
2009/10,fixed_site,All,M,3307,2.789,121,25
2009/10,fixed_site,All,M,3307,2.789,122,43
2009/10,fixed_site,All,M,3307,2.789,123,27
2009/10,fixed_site,All,M,3307,2.789,124,24
2009/10,fixed_site,All,M,3307,2.789,125,19
2009/10,fixed_site,All,M,3307,2.789,126,22
2009/10,fixed_site,All,M,3307,2.789,127,20
2009/10,fixed_site,All,M,3307,2.789,128,13
2009/10,fixed_site,All,M,3307,2.789,129,15
2009/10,fixed_site,All,M,3307,2.789,130,13
2009/10,fixed_site,All,M,3307,2.789,131,13
2009/10,fixed_site,All,M,3307,2.789,132,17
2009/10,fixed_site,All,M,3307,2.789,133,14
2009/10,fixed_site,All,M,3307,2.789,134,11
2009/10,fixed_site,All,M,3307,2.789,135,12
2009/10,fixed_site,All,M,3307,2.789,136,6
2009/10,fixed_site,All,M,3307,2.789,137,9
2009/10,fixed_site,All,M,3307,2.789,138,3
2009/10,fixed_site,All,M,3307,2.789,139,8
2009/10,fixed_site,All,M,3307,2.789,140,10
2009/10,fixed_site,All,M,3307,2.789,141,4
2009/10,fixed_site,All,M,3307,2.789,142,9
2009/10,fixed_site,All,M,3307,2.789,143,3
2009/10,fixed_site,All,M,3307,2.789,144,2
2009/10,fixed_site,All,M,3307,2.789,145,7
2009/10,fixed_site,All,M,3307,2.789,146,
2009/10,fixed_site,All,M,3307,2.789,147,2
2009/10,fixed_site,All,M,3307,2.789,148,2
2009/10,fixed_site,All,M,3307,2.789,149,3
2009/10,fixed_site,All,M,3307,2.789,150,4
2009/10,fixed_site,All,M,3307,2.789,151,3
2009/10,fixed_site,All,M,3307,2.789,152,2
2009/10,fixed_site,All,M,3307,2.789,153,2
2009/10,fixed_site,All,M,3307,2.789,154,1
2009/10,fixed_site,All,M,3307,2.789,155,2
2009/10,fixed_site,All,M,3307,2.789,156,3
2009/10,fixed_site,All,M,3307,2.789,157,
2009/10,fixed_site,All,M,3307,2.789,158,
2009/10,fixed_site,All,M,3307,2.789,159,
2009/10,fixed_site,All,M,3307,2.789,160,3
2009/10,fixed_site,All,M,3307,2.789,161,
2009/10,fixed_site,All,M,3307,2.789,162,1
2009/10,fixed_site,All,M,3307,2.789,163,1
2009/10,fixed_site,All,M,3307,2.789,164,1
2009/10,fixed_site,All,M,3307,2.789,165,
2009/10,fixed_site,All,M,3307,2.789,166,
2009/10,fixed_site,All,M,3307,2.789,167,1
2009/10,fixed_site,All,M,3307,2.789,168,
2009/10,fixed_site,All,M,3307,2.789,169,
2009/10,fixed_site,All,M,3307,2.789,170,
2009/10,fixed_site,All,M,3307,2.789,171,
2009/10,fixed_site,All,M,3307,2.789,172,
2009/10,fixed_site,All,M,3307,2.789,173,
2009/10,fixed_site,All,M,3307,2.789,174,
2009/10,fixed_site,All,M,3307,2.789,175,2
2009/10,fixed_site,All,M,3307,2.789,176,
2009/10,fixed_site,All,M,3307,2.789,177,
2009/10,fixed_site,All,M,3307,2.789,178,
2009/10,fixed_site,All,M,3307,2.789,179,
2009/10,fixed_site,All,M,3307,2.789,180,
2009/10,fixed_site,All,M,3307,2.789,181,
2009/10,fixed_site,All,M,3307,2.789,182,
2009/10,fixed_site,All,M,3307,2.789,183,
2009/10,fixed_site,All,M,3307,2.789,184,
2009/10,fixed_site,All,M,3307,2.789,185,
2009/10,fixed_site,All,M,3307,2.789,186,
2009/10,fixed_site,All,M,3307,2.789,187,
2009/10,fixed_site,All,M,3307,2.789,188,
2009/10,fixed_site,All,M,3307,2.789,189,
2009/10,fixed_site,All,M,3307,2.789,190,
